0,0
0,0
0,0
0,0
0,0
0,0
0,0
0,0
0,0
0,0
0,0
0,0
0,0
0,0
0,0
0,0
0,0
0,0
0,0
0,0
0,0
0,0
0,0
0,0
0,1
0,0
0,0
0,0
0,1
0,3
0,5
0,7
0,5
0,5.833333333
0,0.166666667
0,10
0,1
0,0
0,0
0,0
0,0
0,0
0,0
0,0
0,0
0,0
0,0
0,0
0,0
0,1
0,0
0,0
0,0
0,0
0,0
0,0
0,0
0,1
0,0
0,0
0,0
0,0
0,0
0,0
0,0
0,0
0,0
0,0
0,2
0,0
0,0
0,1
0,0
0,0
0,0
0,0
0,4
0,1
0,0
0,0
0,3
0,0
0,0
0,0
0,0
0,0
0,0
0,4
0,0
0.000466667,0
0.008,2
0.008,0
0.006133333,0
0.0042,0
0.005666667,0
0.003066667,0
0,0
0,0
0,0
0,0
0,0
0,0
0,0
0,0
0,0
0,0
0,0
0,0
0,0
0,0
0,0
0,1
0,0
0,0
0,0
0,0
0,0
0,0
0,0
0,1
0.0006,0
0,4
0,2
0,4
0,5
0,5
0,8
0,0
0,1
0,0
0,0
0,1
0,6
0,1
0,8
0,0
0,0
0,3
0,0
0,0
0,7
0,8
0,3
0,2
0,0
0,0
0,1
0,1
0,1
0,0
0,0
0,0
0,0
0,0
0,1
0,0
0,0
0,0
0,0
0,0
0,1
0,5
0,2
0,1
0,1
0,0
0,3
0,0
0,0
0,0
0,1
0,0
0,0
0,0
0,0
0,0
0,0
0,0
0,0
0,0
0,0
0,0
0,5
0,0
0,0
0,0
0,0
0,2
0,1
0,0
0,0
0.005066667,0
0.007,1
0.005733333,0
0.002066667,0
0.0036,0
0,0
0,0
0,0
0,0
0,0
0,0
0,0
0,0
0,0
0,0
0,0
0,0
0,0
0,0
0,0
0,0
0,0
0,0
0,0
0,0
0,0
0,0
0,0
0,0
0,1
0,0
0,0
0,1
0,0
0,10
0.0068,3
0.007,2
0.007,8
0.007,4
0.007,4
0.007,0
0.007,0
0.006866667,0
0.0052,0
0.0038,0
0.0014,0
0,0
0,3
0,0
0,0
0,0
0,0
0,4
0,2
0,0
0,2
0,1
0,0
0,0
0,0
0,0
0,0
0,0
0,1
0,0
0,2
0,0
0,2
0,4
0,0
0,2
0,3
0,0
0,0
0,0
0,0
0,0
0,0
0,5
0,0
0,0
0,0
0,0
0,0
0,0
0,0
0,0
0,2
0,0
0,0
0,0
0,0
0,0
0,0
0.002333333,0
0.007,1
0.007,0
0.007,0
0.006933333,0
0.006333333,0
0.002066667,0
0,0
0,0
0,0
0,0
0,0
0,0
0,0
0,0
0,0
0,0
0,0
0,0
0,0
0,0
0,0
0,0
0,0
0,0
0,0
0,0
0,0
0,0
0,0
0,5
0,2
0,6
0.0002,8
0,5
0,1
0,11
0,3
0,7
0,2
0,10
0,8
0,1
0,0
0,3
0,0
0,0
0,0
0,0
0,0
0,0
0,0
0,1
0,0
0,0
0,1
0,0
0,1
0,0
0,0
0,1
0,0
0,0
0,0
0,0
0,0
0,1
0,5
0,0
0,0
0,1
0,0
0,3
0,0
0,0
0,0
0,0
0,0
0,0
0,0
0,1
0,0
0,0
0,1
0,0
0,0
0,0
0,2
0,2
0,0
0,0
0,0
0,0
0,1
0,0
0,0
0,0
0,0
0,0
0,0
0,0
0,1
0,0
0,0
0,0
0,0
0,0
0,0
0,0
0,0
0,0
0,0
0,0
0,0
0,0
0,0
0,0
0,0
0,0
0,0
0,0
0,0
0,0
0,0
0,0
0,0
0,0
0,1
0,0
0,2
0,4
0,7
0,7
0,7
0,7
0,1
0,1
0,0
0,0
0,0
0,2
0,0
0,0
0,0
0,0
0,0
0,4
0,1
0,0
0,1
0,0
0,1
0,0
0,0
0,0
0,0
0,0
0,0
0,0
0,2
0,0
0,0
0,0
0,0
0,1
0,6
0,6
0,2
0,9
0,1
0,0
0,0
0,1
0,0
0,1
0,0
0,0
0,0
0,0
0,0
0,0
0,0
0,0
0,0
0,6
0,4
0,8
0,8
0,0
0,0
0,0
0,0
0.004666667,0
0.007,1
0.007,0
0.005933333,0
0.003666667,0
0.002933333,0
0,0
0,0
0,0
0,0
0,0
0,0
0,0
0,0
0,0
0,0
0,0
0,0
0,0
0,0
0,0
0,0
0,0
0,0
0,0
0,0
0,1
0,0
0,0
0,0
0,3
0,4
0,2
0,9
0,6
0,4
0,1
0,1
0,0
0,0
0,0
0,0
0,0
0,0
0,0
0,0
0,0
0,0
0,0
0,0
0,1
0,2
0,0
0,3
0,0
0,0
0,2
0,0
0,2
0,0
0,0
0,0
0,0
0,4
0,0
0,0
0,0
0,1
0,0
0,5
0,5
0,3
0,0
0,0
0,0
0,0
0,0
0,0
0,0
0,0
0,0
0,1
0,0
0,0
0,0
0,0
0,0
0,0
0,4
0,0
0,0
0,0
0,0
0,2
0.004466667,0
0.006866667,1
0.004266667,0
0.0006,0
0.003066667,0
0,0
0,3
0,0
0,0
0,0
0,0
0,0
0,0
0,0
0,0
0,0
0,0
0,0
0,0
0,0
0,0
0,0
0,0
0,0
0,0
0,0
0,0
0,1
0,0
0,0
0,0
0,0
0,0
0,0
0,1
0,3
0,1
0,0
0,0
0,1
0,0
0,0
0,5
0,9
0,0
0,0
0,0
0,0
0.004666667,0
0.007,0
0.007,0
0.007,0
0.007,2
0.007,0
0.007,0
0.007,0
0.007,0
0.007,1
0.007,0
0.0064,0
0.004333333,0
0.002333333,0
0,1
0,0
0,0
0,0
0,0
0,0
0,1
0,0
0,0
0,0
0,0
0,0
0,0
0,0
0,0
0,0
0,0
0,1
0,0
0,0
0,0
0,0
0,0
0,0
0,0
0,0
0,0
0,0
0,1
0,3
0,0
0,0
0,0
0,0
0,0
0,0
0,0
0.004666667,0
0.007,1
0.004533333,0
0.0006,0
0.0002,0
0.0028,0
0,0
0,0
0,0
0,0
0,0
0,0
0,0
0,0
0,0
0,0
0,0
0,0
0,0
0,0
0,0
0,0
0,0
0,0
0,0
0,0
0,0
0,0
0,0
0,0
0,1
0,3
0,2
0,7
0,6
0,10
0,2
0,1
0,0
0,0
0,0
0,0
0,0
0,0
0,0
0,0
0,0
0,2
0,2
0,0
0,0
0,0
0,0
0,0
0,0
0,1
0,1
0,0
0,0
0,0
0,0
0,0
0,3
0,0
0,0
0,0
0,0
0,0
0,0
0,0
0,0
0,0
0,0
0,1
0,0
0,0
0,0
0,0
0,0
0,0
0,0
0,0
0,0
0,0
0,0
0,0
0,0
0,2
0,2
0,0
0,0
0,0
0.002666667,0
0.007933333,0
0.005866667,1
0.004,0
0.0022,0
0.004933333,0
0.0004,0
0,0
0,0
0,0
0,0
0,0
0,0
0,0
0,0
0,0
0,0
0,0
0,0
0,0
0,0
0,0
0,0
0,0
0,0
0,0
0,0
0,0
0,0
0,0
0,0
0,0
0.000266667,0
0,1
0,1
0,0
0,0
0,0
0.002333333,0
0.001,4
0,1
0,8
0,0
0,1
0,0
0,0
0,0
0,2
0,0
0,0
0,0
0,0
0,4
0,1
0,0
0,7
0,5
0,0
0,0
0,0
0,0
0,1
0,0
0,0
0,1
0,0
0,0
0,0
0,0
0,0
0,5
0,1
0,0
0,0
0,1
0,0
0,0
0,0
0,0
0,0
0,1
0,0
0,0
0,0
0,0
0,0
0,0
0,0
0,2
0,3
0,0
0,0
0,0
0,0
0,0
0,0
0,0
0,0
0,0
0.004466667,0
0.008,0
0.006666667,0
0.0044,0
0.004333333,0
0.002,1
0,0
0,0
0,0
0,0
0,0
0,0
0,0
0,0
0,0
0,0
0,0
0,0
0,0
0,0
0,0
0,0
0,0
0,0
0,0
0,0
0,0
0,0
0,0
0,0
0,0
0,1
0,0
0,0
0.006533333,5
0.007,6
0.007,4
0.007,3
0.007,9
0.007,0
0.007,0
0.007,0
0.007,0
0.007,0
0.007,0
0.007,0
0.006733333,3
0.004866667,0
0.003733333,0
0.0008,0
0,0
0,0
0,0
0,2
0,0
0,3
0,0
0,0
0,0
0,0
0,0
0,0
0,0
0,0
0,4
0,0
0,0
0,0
0,6
0,1
0,4
0,0
0,0
0,0
0,0
0,0
0,0
0,0
0,0
0,0
0,0
0,0
0,0
0,0
0,0
0,1
0,0
0,0
0,0
0,3
0,0
0,0
0,0
0,0
0.007,0
0.007,1
0.007,0
0.005266667,0
0.005,0
0.000666667,0
0,0
0,0
0,0
0,0
0,0
0,0
0,0
0,0
0,0
0,0
0,0
0,0
0,0
0,0
0,0
0,0
0,0
0,0
0,0
0,0
0,0
0,0
0,0
0,0
0,0
0,0
0,1
0,0
0,3
0,2
0,6
0,13
0,4
0,0
0,0
0,0
0,0
0,0
0,0
0,0
0,0
0,0
0,0
0,0
0,0
0,0
0,1
0,0
0,0
0,1
0,1
0,2
0,0
0,0
0,0
0,0
0,1
0,0
0,0
0,0
0,0
0,0
0,0
0,0
0,3
0,0
0,0
0,2
0,0
0,0
0,0
0,0
0,0
0,0
0,1
0,0
0,1
0,1
0,0
0,0
0,0
0,0
0,1
0,0
0,3
0,0
0,2
0,1
0,0
0,0
0,0
0,0
0.002666667,0
0.007,0
0.005,1
0.000866667,0
0,0
0.0032,0
0,0
0,0
0,0
0,0
0,0
0,0
0,0
0,0
0,0
0,0
0,0
0,0
0,0
0,0
0,0
0,0
0,0
0,0
0,0
0,0
0,0
0,1
0,0
0,1
0.000266667,8
0,2
0,6
0,7
0,2
0,0
0,2
0,1
0,7
0,3
0,0
0,0
0,0
0,0
0,0
0,0
0,0
0,0
0,0
0,0
0,4
0,1
0,0
0,0
0,0
0,6
0,0
0,0
0,0
0,4
0,0
0,0
0,0
0,0
0,2
0,0
0,0
0,0
0,0
0,11
0,2
0,8
0,4
0,0
0,3
0,0
0,0
0,0
0,0
0,0
0,0
0,0
0,0
0,0
0,0
0,0
0,3
0,0
0,0
0,0
0,0
0.006333333,0
0.006666667,1
0.003666667,0
0,0
0.003066667,0
0,0
0,0
0,0
0,0
0,0
0,0
0,0
0,0
0,0
0,0
0,0
0,0
0,0
0,0
0,0
0,0
0,0
0,0
0,0
0,0
0,0
0,0
0,0
0,0
0,0
0,0
0,0
0,0
0,0
0,0
0,1
0,0
0,1
0,1
0,5
0,2
0,1
0,0
0,0
0,0
0,0
0,0
0,0
0,0
0,0
0,0
0,0
0,0
0,0
0,0
0,0
0,0
0,4
0,0
0,0
0,0
0,1
0,0
0,0
0,0
0,0
0,0
0,0
0,0
0,0
0,0
0,0
0,0
0,1
0,9
0,1
0,0
0,0
0,0
0,0
0,3
0,0
0,2
0,0
0,0
0,0
0,0
0,0
0,0
0,0
0,0
0,0
0,0
0,2
0,4
0,0
0,0
0,0
0,0
0,0
0.004666667,0
0.007,0
0.006066667,0
0.002933333,1
0,0
0,0
0,0
0.0028,0
0,0
0,0
0,0
0,0
0,0
0,0
0,0
0,0
0,0
0,0
0,0
0,0
0,0
0,0
0,0
0,0
0,0
0,0
0,0
0,0
0,0
0,0
0,0
0,0
0,0
0,0
0,1
0,8
0,0
0.000933333,2
0,10
0,5
0,1
0,0
0,0
0,0
0,0
0,0
0,2
0,1
0,6
0,6
0,1
0,0
0,0
0,0
0,0
0,0
0,0
0,0
0,2
0,0
0,1
0.0014,1
0.007,1
0.007,1
0.007,0
0.006133333,1
0.0052,0
0.004933333,0
0.0016,0
0,0
0,0
0,0
0,0
0,0
0,0
0,0
0,0
0,0
0.000333333,2
0.001333333,1
0,1
0,0
0,0
0,0
0,0
0,0
0,0
0,0
0,0
0,3
0,0
0,0
0,0
0,0
0,0
0,0
0,0
0,0
0,0
0,0
0,0
0,0
0.0054,0
0.006,1
0.002266667,0
0,0
0.002666667,0
0.000266667,0
0,0
0,0
0,0
0,0
0,0
0,0
0,0
0,0
0,0
0,0
0,0
0,0
0,0
0,0
0,0
0,0
0,0
0,0
0,0
0,0
0,1
0,5
0,5
0,8
0,5
0,7
0,1
0,0
0,0
0,0
0,0
0,0
0,0
0,0
0,0
0,0
0,0
0,0
0,0
0,0
0,0
0,0
0,0
0,0
0,7
0,1
0,0
0,0
0,0
0,0
0,1
0,0
0,1
0,0
0,0
0,0
0,0
0,0
0,0
0,0
0,0
0,0
0,0
0,0
0,0
0,0
0,0
0,0
0,0
0,0
0,0
0,0
0,1
0,0
0,0
0,1
0,0
0,0
0,3
0,0
0.0014,0
0.007,0
0.005666667,0
0.002066667,0
0.0002,0
0.006666667,1
0.008,0
0.008,0
0.008,0
0.008,0
0.008,0
0.008,0
0.008,0
0.008,0
0.006466667,0
0.004933333,0
0.0016,0
0,0
0,0
0,0
0,0
0,0
0,0
0,0
0,0
0,0
0,0
0,0
0,0
0,0
0,0
0,0
0,0
0,0
0,0
0,0
0,1
0.004666667,0
0.002066667,4
0,0
0,0
0.003066667,0
0,7
0,12
0,5
0,5
0,6
0,4
0,0
0,0
0,11
0,10
0,16
0,4
0,0
0,1
0,0
0,0
0,4
0,0
0,4
0,0
0,1
0,1
0,0
0,5
0,4
0,0
0,0
0,0
0,0
0,0
0,2
0,3
0,4
0,0
0,1
0,1
0,0
0,0
0,0
0,2
0,3
0,0
0,0
0,0
0,1
0,1
0,3
0,3
0,7
0,6
0,7
0,0
0,0
0,0
0,0
0,0
0,0
0,6
0,3
0.0026,6
0.008,9
0.0076,4
0.0046,0
0.0002,1
0,0
0,0
0,0
0,0
0,0
0,0
0,0
0,0
0,0
0,0
0,0
0,0
0,0
0,0
0,0
0,0
0,0
0,0
0,0
0.000466667,0
0.001733333,0
0,0
0,3
0,0
0,0
0,0
0,0
0,0
0,0
0,1
0,0
0,5
0,4
0,8
0,4
0,4
0,0
0,0
0,0
0,0
0,0
0,0
0,3
0,0
0,0
0,0
0,0
0,0
0,0
0,1
0,1
0,0
0,1
0,3
0,1
0,0
0,0
0,3
0,0
0,0
0,3
0,0
0,0
0,5
0,1
0,1
0,2
0,0
0,0
0,0
0,0
0,0
0,0
0,0
0,0
0,1
0,0
0,0
0,0
0,0
0,0
0,0
0,2
0,1
0,1
0,2
0,0
0,0
0,0
0,0
0.002266667,0
0.007,1
0.006733333,0
0.003733333,0
0,0
0,0
0,0
0,0
0,0
0,0
0,0
0,0
0,0
0,0
0.002266667,0
0,0
0,0
0,0
0,0
0,0
0,0
0,0
0,0
0,0
0,0
0,0
0,0
0,0
0,0
0,0
0,0
0,1
0,0
0,6
0,2
0,6
0,7
0.004733333,3
0.007933333,8
0.007,1
0.007,0
0.006666667,0
0.0054,0
0.0036,0
0.0002,0
0,0
0,0
0,0
0,2
0,0
0,0
0,0
0,1
0,0
0,0
0,0
0,4
0,2
0,3
0,0
0,0
0,6
0,4
0,4
0,0
0,0
0,0
0,0
0,1
0,0
0,0
0,6
0,1
0,0
0,0
0,0
0,0
0,0
0,0
0,1
0,0
0,4
0,0
0,0
0,0
0,0
0,0
0,0
0,1
0,1
0,0
0,0
0,0
0,1
0,0
0,0
0,0
0,0
0.006333333,0
0.007,1
0.005666667,0
0.001866667,0
0.001666667,0
0.0018,0
0,0
0,0
0,0
0,0
0,0
0,0
0,0
0,0
0,0
0,0
0,0
0,0
0,0
0,0
0,0
0,0
0,0
0,0
0,0
0,0
0,0
0,0
0,1
0,0
0,5
0,2
0,6
0,7
0.003733333,14
0.007,0
0.0062,4
0.004266667,0
0.004933333,0
0.003,0
0,0
0,0
0,0
0,0
0,0
0,0
0,0
0,0
0,0
0,0
0,0
0,0
0,3
0,2
0,5
0,0
0,0
0,0
0,2
0,6
0,1
0,0
0,2
0,0
0,1
0,0
0,0
0,0
0,0
0,0
0,6
0,2
0,0
0,0
0,0
0,0
0,0
0,0
0,0
0,0
0,0
0,0
0,0
0,0
0,1
0,0
0,0
0,1
0,2
0,0
0,0
0,0
0,0
0.0016,0
0.007,1
0.007,2
0.0044,0
0.0004,0
0.0016,0
0.001666667,0
0,0
0,0
0,0
0,0
0,0
0,0
0,0
0,0
0,0
0,0
0,0
0,0
0,0
0,0
0,0
0,0
0,0
0,0
0,0
0,0
0,0
0.000266667,0
0,1
0,0
0,1
0,4
0,0
0,4
0,10
0,7
0,8
0,0
0,0
0,0
0.003666667,0
0.004,0
0.004,0
0.004,0
0.004,0
0.004,0
0.004,0
0.004,0
0.004,0
0.0038,0
0.0006,0
0,0
0,0
0,0
0,0
0,1
0,0
0,2
0,0
0,4
0,15
0,2
0,6
0,6
0,1
0,0
0,0
0,0
0,0
0,0
0,1
0,0
0,4
0,0
0,0
0,2
0,1
0,0
0,0
0,0
0,1
0,0
0,0
0,0
0,0
0,0
0,0
0,0
0,0
0,3
0,0
0,0
0,0
0,0
0,1
0,0
0,0
0.0008,0
0.008,0
0.008,1
0.0056,0
0.002733333,0
0.003266667,0
0.001333333,0
0,0
0,0
0,0
0,0
0,0
0,0
0,0
0,0
0,0
0,0
0,0
0,0
0,0
0,0
0,0
0,0
0,0
0,1
0,0
0,0
0,0
0,1
0,5
0,6
0,5
0,6
0,2
0,0
0,6
0,3
0,7
0,17
0,2
0.0072,0
0.008,0
0.008,0
0.007333333,0
0.0068,0
0.0046,0
0.002733333,0
0,4
0,0
0,0
0,0
0,0
0,0
0,0
0,0
0,0
0,0
0,0
0,0
0,0
0,4
0,0
0,0
0,0
0,3
0,6
0,0
0,0
0,0
0,0
0,1
0,0
0,0
0,0
0,0
0,0
0,1
0,0
0,0
0,1
0,0
0,0
0,0
0,0
0,0
0,0
0,0
0,0
0.002533333,2
0.007,2
0.005466667,0
0.0018,0
0.001933333,0
0.001066667,0
0,1
0,0
0,0
0,0
0.002,0
0,0
0,0
0,0
0,0
0,0
0,0
0,0
0,0
0,0
0,0
0,0
0,0
0,0
0,0
0,0
0,0
0,0
0,0
0,0
0,0
0,0
0,0
0,0
0.0002,0
0,1
0,1
0,4
0,2
0,6
0,6
0,8
0,1
0,0
0,0
0,0
0,0
0,0
0,0
0,0
0,0
0,0
0,0
0,0
0,0
0,0
0,0
0,0
0,0
0,0
0,0
0,0
0,0
0,0
0,0
0,0
0,0
0,1
0,0
0,0
0,0
0,0
0,0
0,0
0,0
0,0
0,0
0,0
0,0
0,0
0,0
0,0
0,0
0,0
0,0
0,0
0,0
0,0
0,1
0,0
0,0
0,0
0,0
0,0
0,0
0,0
0,0
0,6
0,0
0,0
0,0
0.005866667,0
0.007,1
0.005933333,0
0.002066667,1
0,0
0,0
0.002866667,0
0,0
0,0
0,0
0,0
0,0
0,0
0,0
0,0
0,0
0,0
0,0
0,0
0,0
0,0
0,0
0,0
0,0
0,0
0,0
0,0
0,0
0,0
0,0
0,1
0,0
0,3
0,0
0,1
0,4
0,10
0,2
0,0
0,0
0,0
0,0
0,0
0,0
0,0
0,0
0,0
0,0
0,0
0,0
0,0
0,1
0,4
0,0
0,1
0,5
0,7
0,2
0,0
0,0
0,1
0,0
0,0
0,0
0,0
0,5
0,0
0,1
0,7
0,0
0,0
0,2
0,1
0,0
0,1
0,0
0,0
0,0
0,0
0,0
0,0
0,0
0,0
0,0
0,0
0,0
0,0
0,0
0,2
0,2
0,0
0,0
0,0
0,0
0,0
0,0
0,0
0,0
0,0
0,0
0,0
0.007,0
0.008,1.071823204
0.007266667,1.077348066
0.004666667,1.077348066
0.004933333,1.077348066
0.004133333,1.077348066
0.001266667,1.077348066
0,1.077348066
0.0002,1.077348066
0.0004,1.077348066
0,1.077348066
0,1.077348066
0.0004,1.077348066
0.0008,1.077348066
0.0002,1.077348066
0.0018,1.077348066
0.0008,1.077348066
0.0002,1.077348066
0,1.077348066
0.0002,1.077348066
0,1.077348066
0,1.077348066
0.0004,1.077348066
0.0014,1.077348066
0.0004,1.077348066
0.000933333,1.077348066
0.0006,1.077348066
0,1.077348066
0,1.077348066
0,1.077348066
0,1.077348066
0,1.077348066
0,1.077348066
0,1.077348066
0,1.077348066
0,1.077348066
0,1.077348066
0,1.077348066
0,2.143646409
0,0
0,0
0,0
0,0
0,0
0,0
0,0
0,0
0,0
0,0
0,0
0,0
0,0
0,2
0,5
0,1
0,2
0,0
0,0
0,0
0,0
0,2.00990099
0,2.153465347
0,2.153465347
0,2.153465347
0,2.153465347
0,2.153465347
0,2.153465347
0,2.153465347
0,2.153465347
0,2.153465347
0,2.153465347
0,2.153465347
0,2.153465347
0,1.148514851
0,0
0,0
0,0
0,0
0,0
0,0
0,0
0,1
0,0
0,0
0,0
0,0
0,2
0,0
0,0
0.0056,0
0.007,1
0.006266667,0
0.002866667,0
0.0038,0
0,0
0,0
0,0
0,0
0,0
0,0
0,0
0,0
0,0
0,0
0,0
0,0
0,0
0,0
0,0
0,0
0,0
0,0
0,0
0,0
0,0
0,0
0,0
0,1
0,0
0,0
0,3
0,9
0,0
0,0
0,0
0,0
0,0
0,0
0,0
0,1
0,0
0,3
0,0
0,0
0,0
0,0
0,0
0,0
0,0
0,0
0,0
0,0
0,0
0,0
0,3.5
0,1.25
0,1.25
0,3
0,2
0,6
0,2
0,1
0,0
0,2
0,0
0,0
0,0
0,0
0,0
0,0
0,0
0,0
0,1
0,3
0,2
0,0
0,1
0,0
0,2
0,1
0,0
0,0
0,0
0,0
0,0
0,1
0,0
0,0
0,0
0,0
0,0
0,0
0,0
0.001666667,0
0.006866667,2
0.007,0
0.005866667,0
0.004266667,0
0.0056,0
0.001733333,0
0,0
0,0
0.006733333,0
0.007,1
0.007,0
0.007,0
0.006866667,0
0.002866667,0
0,0
0,0
0,0
0,0
0,0
0,0
0,0
0,0
0,0
0,0
0,0
0,0
0,0
0,0
0,0
0,1
0,0
0,1
0,0
0,0
0,0
0,0
0,0
0,0
0,0
0,0
0,0
0,0
0,5
0,1
0.0024,6
0,11
0,1
0,6
0,2
0,0
0,0
0,0
0,0
0,0
0,0
0,0
0,0
0,0
0,0
0,0
0,0
0,0
0,0
0,0
0,0
0,0
0,2
0,0
0,0
0,0
0,0
0,1
0,1
0,0
0,0
0,7
0,4
0,1
0,0
0,0
0,0
0,0
0,0
0,0
0,0
0,0
0,0
0,0
0,1
0,0
0,0
0,0
0,0
0,0
0,2
0,0
0,0
0.003066667,0
0.007,1
0.006933333,0
0.0044,0
0.0004,0
0.003266667,0
0,0
0,0
0,0
0,0
0,0
0,0
0,0
0,0
0,0
0,0
0,0
0,0
0,0
0,0
0,0
0,0
0,0
0,0
0,0
0,0
0,0
0,0
0,0
0,0
0,0
0,0
0,0
0,0
0,1
0,0
0,0
0,6
0,5
0.000533333,6
0.0036,7
0,6
0,1
0,0
0,0
0,0
0,1
0,1
0,0
0,0
0,0
0,0
0,0
0,0
0,0
0,0
0,0
0,0
0,0
0,0
0,1
0,0
0,0
0,2
0,4
0,2
0,5
0,4
0,0
0,0
0,0
0,1
0,0
0,0
0,0
0,8
0,2
0,0
0,0
0,0
0,0
0,0
0,0
0,0
0,0
0,0
0,0
0,0
0,0
0,0
0,0
0,0
0,0
0,3
0,0
0,0
0,0
0,0
0,0
0,0
0.003733333,0
0.007,1
0.007,0
0.005933333,0
0.005133333,0
0.000933333,0
0,0
0,0
0,0
0,0
0,0
0,0
0,0
0,0
0,0
0,0
0,0
0,0
0,0
0,0
0,0
0,0
0,0
0,0
0,0
0,0
0,0
0,0
0,0
0,0
0,1
0,7
0,2
0,7
0,10
0,1
0,4
0,3
0,9
0,6
0,8
0,0
0,6
0,5
0,0
0,0
0,0
0,0
0,0
0,0
0,0
0,0
0,1
0,0
0,1
0,0
0,0
0,0
0.0046,1
0.008,0
0.008,0
0.008,0
0.007533333,0
0.006333333,0
0.0026,0
0,1
0,0
0.0018,0
0.007733333,0
0.0054,0
0.003066667,0
0.0012,0
0.005933333,0
0,1
0,0
0,0
0,0
0,0
0,0
0,0
0,0
0,1
0,0
0,0
0,0
0,0
0,0
0,0
0,2
0,2
0,4
0,0
0,0
0.000866667,0
0.007333333,0
0.007,1
0.007,0
0.005266667,0
0.004133333,0
0.0016,0
0,0
0,0
0,0
0,0
0,0
0,0
0,0
0,0
0,0
0,0
0,0
0,0
0,0
0,0
0,0
0,0
0,0
0,0
0,0
0,0
0,0
0,0
0,0
0,0
0,0
0,2
0,2
0,0
0,0
0,0
0,2
0,0
0,0
0,0
0,0
0.0008,0
0.000666667,4
0.0002,7
0,1
0,0
0,3
0,0
0,0
0,0
0,0
0,0
0,0
0,0
0,0
0,0
0,0
0,0
0,0
0,0
0,0
0,0
0,0
0,0
0,0
0,0
0,0
0,0
0,0
0,1
0,0
0,0
0,0
0,0
0,0
0,0
0,0
0,0
0,1
0,0
0,0
0,0
0,0
0,0
0,0
0,0
0,0
0,0
0,0
0,0
0,1
0,0
0,5
0,0
0,0
0,0
0,0
0,0
0,0
0,0
0.0032,0
0.007,1
0.007,0
0.0054,0
0.0042,0
0.0018,0
0,0
0,0
0,0
0,0
0,0
0,0
0,0
0,0
0,0
0,0
0,0
0,0
0,0
0,0
0,0
0,0
0,0
0,0
0,0
0,1
0,0
0,0
0,0
0,0
0,0
0,0
0,3
0,3
0,7
0,4
0,18
0,11
0,5
0,1
0,1
0,0
0,2
0,0
0,3
0,1
0,0
0,0
0,0
0,10
0,3
0,1
0,0
0,1
0,0
0,0
0,0
0,1
0,0
0,0
0,0
0,0
0,0
0,1
0,0
0,0
0,0
0,1
0,8
0,2
0,1
0,0
0,0
0,1
0,6
0,4
0,0
0,0
0,0
0,0
0,0
0,3.2
0,1.8
0,0
0,0
0,0
0,0
0,0
0,0
0,0
0,0
0,0
0,0
0,0
0.004666667,0
0.007,1
0.007,0
0.007,0
0.007,0
0.005733333,0
0.001266667,0
0,0
0,0
0,0
0,0
0,0
0,0
0,0
0,0
0,0
0,0
0,0
0,0
0,0
0,0
0,0
0,0
0,0
0,0
0,0
0,0
0,0
0,1.85915493
0,2.535211268
0,2.535211268
0,2.535211268
0,2.535211268
0,0
0,0.857142857
0,1.892857143
0,1.875
0,1.232142857
0,0.771889401
0,0.725806452
0,0.725806452
0,0.725806452
0,0.193548387
0,0
0,0
0,0
0,0
0,0
0,0
0,0
0,0
0,0
0,0
0,0
0,2
0,0
0,0
0,0
0,1
0,0
0,0
0,2
0,1
0,4
0,5
0,3
0,5
0,0
0,6
0,0
0,0
0,2
0,4
0,0
0,0
0,2
0,0
0,0
0,0
0,0
0,0
0,0
0,0
0,0
0,0
0,0
0,1.6
0,0.833333333
0,0.5
0,0.5
0,0.5
0,0.066666667
0,0
0,0
0.000266667,0
0.007,0.285714286
0.007,0.714285714
0.007,0
0.007,0
0.006266667,0
0.004066667,0
0.0028,0
0,0
0,0
0,0
0,0
0,0
0,0
0,0
0,0
0,0
0,0
0,0
0,0
0,0
0,0
0,0
0,0
0,0
0,0
0,0
0,0
0,0
0,0
0,0
0,1.011627907
0,0.174418605
0,0.174418605
0,0.174418605
0,0.174418605
0,0.174418605
0,0.11627907
0,1.25
0.001333333,3.75
0.000266667,3.75
0,3.75
0,0.5
0,0
0,0
0,0
0,0
0,0
0,0
0,0.134328358
0,0.335820896
0,0.335820896
0,0.335820896
0,0.335820896
0,0.335820896
0,0.335820896
0,0.335820896
0,0.335820896
0,3.022854478
0,6.09375
0,4.0625
0,0
0,0
0,0
0,0
0,2
0,0
0,0
0,0
0,0
0,1
0,4
0,1
0,0
0,1
0,0
0,2
0,0
0,0
0,0
0,0
0,0
0,0
0,3
0,2.857142857
0,4.142857143
0,0
0,0
0,0.444444444
0,1.555555556
0,0.285714286
0,1.714285714
0.001666667,0
0.007,0.5
0.006533333,0.5
0.003266667,0
0.000266667,0
0.0032,0
0.0004,0
0,0.253358925
0,0.345489443
0,0.345489443
0,0.345489443
0,0.345489443
0,0.345489443
0,0.345489443
0,0.345489443
0,0.345489443
0,0.345489443
0,0.345489443
0,0.345489443
0,0.345489443
0,0.345489443
0,0.345489443
0,0.345489443
0,0.345489443
0,0.345489443
0,0.345489443
0,0.345489443
0,0.345489443
0,0.345489443
0,0.345489443
0,0.345489443
0,0.345489443
0,0.345489443
0,0.345489443
0,0.345489443
0,0.345489443
0,0.345489443
0,0.345489443
0,0.345489443
0,0.345489443
0,0.345489443
0,0.345489443
0,0.818181818
0,1.363636364
0,0.818181818
0,0
0,0
0,0
0,0
0,0
0,0
0,0
0,0
0,0
0,0
0,0
0,0
0,1
0,0
0,0
0,0
0,0
0,0
0,2
0,0
0,0
0,0
0,0
0,0
0,2
0,0
0,0
0,0
0,0
0,0
0,0
0,0
0,11
0,4
0,6
0,3
0,0
0,0
0,0
0,0
0,0
0,0
0,0
0,1
0,0
0,0
0,0
0,0.4
0,1.6
0,0
0,0
0,3
0,0
0,0
0,0
0,0
0,0
0.0056,0
0.006933333,1
0.004466667,0
0.0004,0
0.003266667,0
0,0
0,0
0,0
0,0
0,0
0,0
0,0
0,0
0,0
0,0
0,0
0,0
0,0
0,0
0,0
0,0
0,0
0,0
0,0
0,0
0,0
0,0
0,0
0,1
0,0
0,3
0,0
0,0
0,1
0,5
0,1
0,1
0,0
0,0
0,0
0,0
0,0
0,0
0,0
0,0
0,0
0,0
0,0
0,0
0,0
0,0
0,0
0,0
0,0
0,1
0,1
0,0
0,0
0,0
0,0
0,0
0,2
0,0
0,0
0,0
0,0
0,0
0,1
0,0
0,0
0,0
0,0
0,2
0,0
0,3
0,0
0,0
0,0
0,0
0,0
0,0
0,0
0,0
0,0
0,0
0,0
0,0
0,6
0,0
0,0
0,0
0,0
0,0
0,0
0,0
0,0
0.0016,0
0.008,1
0.0078,0
0.005,0
0.004,0
0.004866667,0
0.0008,0
0,0
0,0
0,0
0,0
0,0
0,0
0,0
0,0
0,0
0,0
0,0
0,0
0,0
0,0
0,0
0,0
0,0
0,0
0,0
0,0
0,0
0,0
0,1
0,0
0,0
0,0
0.0032,0
0.005,2
0.005,5
0.005,4
0.005,0
0.005,12
0.005,6
0.005,7
0.005,0
0.005,0
0.005,0
0.0048,6
0.0034,5
0,0
0,0
0,0
0,0
0,0
0,0
0,0
0,0
0,0
0,0
0,0
0,0
0,0
0,0
0,0
0,0
0,0
0,0
0,0
0,1
0,0
0,0
0,0
0,0
0,0
0,0
0,0
0,1
0,2
0,0
0,0
0,0
0,1
0,0
0,0
0,3
0,0
0,0
0,0
0,0
0,0
0,0
0,0
0,3.5
0,0.5
0,0
0,0
0,0
0.001066667,0
0.007,1
0.006466667,0
0.0032,0
0.000466667,0
0.0028,0
0,0
0,0
0,0
0,0
0,0
0,0
0,0
0,0
0,0
0,0
0,0
0,0
0,0
0,0
0,0
0,0
0,0
0,0
0,0
0,0
0,0
0,0
0,0
0,0
0,1
0,0
0,0
0,0
0,0
0,0
0,0
0,1
0,0
0,0
0,1
0,2
0.000533333,1
0.0006,3.5
0,5.5
0,4.125
0.004733333,0.88869863
0.007,0.205479452
0.007,0.205479452
0.007,0.205479452
0.007,0.205479452
0.007,0.164383562
0.007,0
0.007,0
0.0064,0
0.002,0
0.0012,3
0.0026,0
0.0022,0
0,0
0,0
0,0
0,0
0,0
0,0
0,0
0,0
0,3
0,0
0,0
0,0
0,0
0,0
0,0
0,0
0,0
0,0
0,0
0,0
0,0
0,0
0,0
0,0
0,0
0,0
0,0
0,0
0,0
0,0
0,0
0,0
0,7
0,1
0,1
0,0
0,0
0.004133333,3
0.0074,0
0.008,0
0.005666667,0
0.002133333,0
0.004133333,0
0,0
0,0
0,0
0,0
0,0
0,0
0,0
0,0
0,0
0,0
0,0
0,0
0,0
0,0
0,0
0,0
0,0
0,0
0,0
0,0
0,0
0,0
0,0
0,0
0,0.5
0,0.5
0,0
0,4
0,0
0.004,0.666666667
0.008,1.333333333
0.008,1
0.0076,4.375
0.007,2.625
0.007,5.538461538
0.007,2.461538462
0.006,7
0.004133333,8
0.001933333,1
0,0
0,0
0,0
0,0
0,0
0,0
0,0
0,0
0,1
0,0
0,1
0,0
0,0
0,0
0,0
0,0
0,0
0,0
0,0
0,1
0,0
0,0
0,0
0,0
0,1
0,0
0,3
0,4
0,3
0,1
0,0
0,0
0,2
0,5
0,3
0,0
0,0
0,0
0,0
0,0
0,0
0,0
0,0
0,5
0,0
0,0
0,0
0,0
0,3
0,0
0,0
0,0
0,0
0,0
0,0
0,0
0.0026,0
0.007,1
0.007,0
0.006866667,0
0.0048,0
0.003333333,0
0,0
0,0
0.000466667,0
0,0
0,0
0,0
0,0
0,0
0,0
0,0
0,0
0,0
0,0
0,0
0,0
0,0
0,0
0,0
0,0
0,0
0,0
0,1
0,0
0,0
0,1
0,6
0,16
0,4
0,3
0,2
0,4
0,7
0,0
0,0
0,0
0,0
0,0
0,0
0,0
0,0
0,0
0,0
0,0
0,0
0,0
0,0
0,1
0,0
0,0
0,0
0,1
0,0
0,0
0,0
0,0
0,0
0,0
0,0
0,1
0,0
0,0
0,0
0,0
0,4.083333333
0,2.916666667
0,0
0,0
0,0
0,0
0,0
0,0
0,0.086206897
0,0.25862069
0,0.25862069
0,0.25862069
0,0.25862069
0,0.25862069
0,0.25862069
0,0.25862069
0,0.25862069
0,0.25862069
0,0.25862069
0,0.25862069
0,0.068965517
0,0
0,0
0,0
0.006066667,3.333333333
0.007,3.333333333
0.007,2.770308123
0.006733333,2.394957983
0.0036,2.394957983
0,2.394957983
0,2.394957983
0,2.394957983
0.001466667,2.394957983
0.000733333,2.394957983
0,0.798319328
0,0
0,0
0,0
0,0
0,0
0,0
0,0
0,0
0,0
0,0
0,0
0,0
0,0
0,0
0,0
0,0
0,0
0,0
0,0
0,0
0,1
0,4
0,3.833333333
0,8.166666667
0,7
0,6
0,2
0,11
0,3
0,0
0,0
0,0
0,0
0,0
0,0
0,0
0,0
0,0
0,0
0,2
0,0
0,0
0,2
0,0
0,1
0,0
0,0
0,0
0,0
0,0
0,0
0,2
0,0
0,0
0,0
0,0
0,0
0,1
0,4
0,7
0,0
0,1
0,1
0,0
0,2
0,5
0,5
0,0
0,0
0,0
0,1
0,1
0,0
0,0
0,1
0,0
0,0
0,2
0,3
0,0
0,1
0,0
0.0002,0
0.007,0
0.006733333,3
0.0038,0
0,0
0.003466667,0
0,0
0,0
0,0
0,0
0,0
0,0
0,0
0,0
0,0
0,0
0,0
0,0
0,0
0,0
0,0
0,0
0,0
0,0
0,0
0,0
0,0
0,0
0,0
0,0
0,0
0,0
0,0
0,0
0,0.666666667
0,0.333333333
0,2
0,11
0,6
0,6
0,5
0,1
0,0
0,0
0,0
0,0
0,0
0,0
0,0
0,0
0,0
0,0
0,0
0,0
0,0
0,0
0,1
0,1
0,0
0,2
0,1
0,2
0,0
0,0
0,0
0,0
0,0
0,1
0,0
0,0
0,0
0,0
0,1
0,0
0,0
0,7
0,0
0,0
0,0
0,0
0,0
0,0
0,1
0,0
0,0
0,0
0,0
0,2
0,2
0,0
0,0
0,0
0,3
0,0
0,0
0,0
0,0
0.007333333,0
0.005733333,1
0.0016,0
0,0
0.001266667,0
0.001666667,0
0,0
0,0
0,0
0,0
0,0
0,0
0,0
0,0
0,0
0,0
0,0
0,0
0,0
0,0
0,0
0,0
0,0
0,0
0,0
0,0
0,0
0,0
0,0
0,0
0,0
0,0
0,1
0,0
0,0
0.001133333,1
0.0002,1
0,2
0,9
0,0.777777778
0,0.222222222
0,0
0,0
0,0
0,0
0,0
0,0
0,0
0,0
0,0
0,0
0,0
0,0
0,3
0,1
0,4
0,4
0,0
0,0
0,0
0,0
0,0
0,0
0,0
0,0
0,0
0,0
0,0
0,0
0,0
0,2
0,5
0,9
0,4
0,6
0,0
0,0
0,0
0,0
0,0
0,0
0,0
0,0
0,0
0,0
0,0
0,0
0,0
0,0
0,0
0,0
0,2.708333333
0,2.291666667
0,0
0,0
0,0
0,0
0,0
0,0
0,0
0,0
0,0
0,0
0.005133333,4
0.007,0
0.007,1
0.005,0
0.003533333,0
0,0
0.003266667,0
0,0
0,0
0,0
0,0
0,0
0,0
0,0
0,0
0,0
0,0
0,0
0,0
0,0
0,0
0,0
0,0
0,0
0,0
0,0
0,0
0,0
0,0
0,0
0,1
0,0
0,0.392857143
0,0.535714286
0,0.071428571
0,3
0,1
0,1
0,0
0.003266667,0
0.007,0
0.0066,8
0.004533333,1
0.004866667,1
0.003266667,0
0,0
0,0
0,0
0,0
0,0
0,0
0,0
0,0
0,0
0,0
0,0
0,0
0,0
0,0
0,0
0,0
0,0
0,0
0,0
0,0
0,0
0,0
0,0
0,0
0,1
0,0
0,0
0,0
0,0
0,0
0,0
0,0
0,1
0,0
0,0
0,0
0,0
0,0
0,0
0,0
0,0
0,0
0,0
0,0
0,0
0,0
0.003,0
0.007,1
0.0068,0
0.004,0
0.0002,0
0.003533333,0
0,0
0,0
0,0
0,0
0,0
0,0
0,0
0,0
0,0
0,0
0,0
0,0
0,0
0,0
0,0
0,0
0,0
0,0
0,0
0,0
0,0
0,0
0,0
0,0
0,1
0,2
0,1
0,6
0,3
0,10
0,8
0,2
0,4
0,0
0,0
0,0
0,0
0,0
0,0
0,0
0,0
0,0
0,0
0,0
0,0
0,0
0,0
0,1
0,0
0,0
0,0
0,4
0,1.5
0,0.5
0,0
0,0
0,0
0,0
0,0
0,0.181818182
0,1.818181818
0,0
0,0
0,0
0,0
0,0
0,0
0,0
0,0
0,0
0,0
0,0
0,0
0,0
0,0.094339623
0,0.283018868
0,0.283018868
0,0.283018868
0,0.283018868
0,0.283018868
0,0.283018868
0,1.493261456
0,4.821428571
0.007,8.55952381
0.007,6.333333333
0.007,4.6875
0.007,0.3125
0.007,1.6
0.007,1.4
0.005866667,0
0.004733333,0.428571429
0.007,0.535714286
0.0064,0.035714286
0.003,0
0,0
0.003266667,0
0,0
0,0
0,0
0,0
0,0
0,0
0,0
0,0
0,0
0,0
0,0
0,0
0,0
0,0
0,0
0,0
0,0
0,0
0,0.036144578
0,0.180722892
0,0.180722892
0,0.180722892
0,0.180722892
0,0.180722892
0,0.685240964
0,0.375
0,5
0,5
0,12
0,7
0,1
0,0
0,3
0,6
0,1
0,0
0,0
0,0
0,0
0,0
0,0
0,0
0,2
0,8.666666667
0,9.333333333
0,2
0,7
0,2
0,1
0,0
0,0
0,0
0,0
0,0
0,0
0,0
0,0
0,1
0,0
0,0
0,0
0,0
0,1
0,3
0,4
0,0
0,1
0,0
0,0
0,4.631578947
0,4.736842105
0,0.631578947
0,0.25
0,0.75
0,0
0,6
0,2
0,0
0,0
0,0
0,0
0,0
0,0
0,0
0,0
0,0
0,0
0,0
0,0.096774194
0,0.483870968
0,0.419354839
0.0028,0
0.007,1
0.006266667,0
0.002666667,0
0,0
0.003066667,0
0,0
0,0
0,0
0,0
0,0
0,0
0,0
0,0
0,0
0,0
0,0
0,0
0,0
0,0
0,0
0,0
0,0
0,0
0,0
0,0
0.0004,0
0.0002,1
0,0
0,0
0,1
0,1
0,0
0,9
0,0
0,0
0,0
0,0
0,0
0,0
0,0
0,0
0,0
0,0
0,0
0,0
0,0
0,0
0,0
0,3
0,0
0,0
0,0
0,0
0,2
0,6
0,0
0,7
0,0
0,2
0,0
0,0
0,0
0,0
0,0
0,0
0,0
0,0
0,0
0,6
0,6
0,0
0,0
0,0
0,0
0,0
0,0
0,0
0,0
0,0
0,1
0,0
0,0
0,0
0,0
0,0
0,0
0,0
0,2
0,1
0,0
0,0
0.003666667,0
0.007,1
0.007,0
0.007,0
0.004733333,0
0.001666667,0
0.002733333,0
0,0
0,0
0,0
0,0
0,0
0,0
0,0
0,0
0,0
0,0
0,0
0,0
0,0
0,0
0,0
0,0
0,0
0,0
0,0
0,0
0,0
0,0
0,0
0,0
0,0
0,0
0,1
0,0
0,0
0,1
0.000466667,1
0,4
0,4
0,0
0,0
0,0
0,0
0,0
0,0
0,0
0,0
0,0
0,0
0,0
0,0
0,0
0,1
0,4
0,0
0,1
0,0
0,4
0,7
0,3
0,1
0,0
0,0
0,0
0,1
0,0
0,0
0,0
0,0
0,2
0,3
0,5
0,0
0,1
0,2
0,2
0,4
0,7
0,0
0,2
0,0
0,0
0,0
0,2
0,7
0,1
0,0
0,2
0,2
0,1
0,1
0,1
0,1
0,2
0,0
0,0
0,0
0,0
0,0
0,0
0.005133333,0
0.007,1
0.006,0
0.002266667,0
0.0008,0
0.0024,0
0,0
0,0
0,0
0,0
0,0
0,0
0,0
0,0
0,0
0,0
0,0
0,0
0,0
0,0
0,0
0,0
0,0
0,0
0,0
0,0
0,0
0,0
0,0
0,0
0,1
0,0
0,0
0,0
0.003133333,5
0.007,2
0.007,9
0.007,8
0.004533333,7
0.007466667,1
0.0052,0
0.002466667,0
0,0
0,0
0,0
0,0
0,0
0,0
0,2
0,0
0,3
0,0
0,0
0,3
0,0
0.0008,0
0,0
0,0
0,2
0,0
0,0
0,0
0,1
0,0
0,0
0,0
0,0
0,2
0,0
0,3
0,8
0,1
0,0
0,0
0,0
0,0
0,0
0,0
0,0
0,1
0,0
0,0
0,0
0,0
0,1
0,0
0,0
0,3
0,0
0,0
0,0
0,0
0,0
0,0
0,0
0,4
0,0
0,0
0,0
0,0
0.0062,0
0.007,1
0.006066667,0
0.0026,0
0.002533333,0
0.000733333,0
0,0
0,0
0,0
0,0
0,0
0,0
0,0
0,0
0,0
0,0
0,0
0,0
0,0
0,0
0,0
0,0
0,1
0,0
0,0
0,1
0,0
0,0
0,2
0,7
0,1
0,0
0,0
0,0
0,0
0,0
0,0
0,0
0,0
0,0
0,0
0,0
0,0
0,0
0,0
0,0
0,0
0,0
0,2
0,1
0,6
0,2
0,1
0,2
0,0
0,0
0,0
0,0
0,0
0,0
0,0
0,0
0,0
0,0
0,0
0,0
0,1
0,0
0,0
0,0
0,0
0,0
0,0
0,0
0,0
0,0
0,5
0,1
0,0
0,0
0,0
0,0
0,0
0,2
0,0
0,0
0,0
0,0
0,0
0,0
0,0
0,0
0.0054,0
0.007,1
0.006066667,0
0.002333333,0
0.0014,0
0.001933333,0
0,0
0,0
0,0
0,0
0,0
0,0
0,0
0,0
0,0
0,0
0,0
0,0
0,0
0,0
0,0
0,0
0,0
0,0
0,0
0,0
0,0
0,0
0,0
0,0
0,2
0,0
0,0
0.0002,3
0,2
0,5.5
0,3.5
0,6.2
0,7.8
0,2.714285714
0,1.285714286
0,0
0,0
0,0
0,0
0,0
0,0
0,0
0,0
0,0
0,0
0,0
0,0
0,2
0,1
0,0
0,7
0,2
0,7
0,7
0,7
0,0
0,0
0,0
0,0
0.003266667,3
0.007,3
0.007,8
0.007,6
0.007,5
0.007,0
0.007,0
0.007,2
0.007,0
0.007,0
0.007,0
0.006733333,0
0.0048,0
0.003466667,3
0.0002,0
0,0
0,0
0,0
0,1
0,1
0,0
0,0
0,0
0,3
0,0
0,0
0,0
0,0
0,0
0,0
0.003266667,0
0.007,1
0.006933333,1
0.004333333,0
0.0008,0
0.003333333,0
0,0
0,0
0,0
0,0
0,0
0,0
0,0
0,0
0,0
0,0
0,0
0,0
0,0
0,0
0,0
0,0
0,0
0,0
0,0
0,0
0,0
0,0
0,0
0,0
0,0
0,0.2
0,0.8
0,2.333333333
0,7.8
0,0.866666667
0,0
0,0
0,0
0,0
0,0
0,0.019417476
0,0.145631068
0,0.145631068
0,0.145631068
0,0.145631068
0,0.145631068
0,0.145631068
0,0.392510402
0,0.714285714
0,0
0,0
0,0
0,2.777777778
0,2.222222222
0,0.666666667
0,3.6
0,0.733333333
0,0
0,0
0,0
0,0
0,0
0,0
0,0
0,0
0,0
0,0
0,2.333333333
0,0.666666667
0,0
0,0
0,0
0,0
0,0
0,0
0,0
0,0
0,1
0,0
0,0
0,0
0,0.307692308
0,0.576923077
0,0.897993311
0,0.97826087
0,0.97826087
0,3.010869565
0,2.916666667
0,3.333333333
0,0
0.000933333,0
0.007,0
0.007,1
0.006,1
0.002133333,0
0,0
0.003266667,0
0,0
0,0
0,0
0,0
0,0
0,0
0,0
0,0
0,0
0,0
0,0
0,0
0,0
0,0
0,0
0,0
0,0
0,0
0.000466667,1
0,1
0,1
0,0
0,1
0,0.5625
0,0.9375
0,1.75
0,1.980769231
0,1.153846154
0,1.615384615
0,0
0,3
0,9
0,0
0,0
0,0
0,0
0,0
0,0
0,0
0,0
0,0
0,0
0,0
0,0
0,0
0,1
0,0
0,0
0,4
0,4
0,3
0,2
0,0
0,0
0,2
0,0
0,0
0,0
0,0
0,1
0,0
0,0
0,0
0,0
0,1
0,2
0,4
0,0
0,1
0,1
0,0
0,0
0,0
0,0
0,0
0,0
0,3
0,0
0,0
0,0
0,0
0,0
0,0
0,0
0,0
0,0
0,3
0,0
0,0
0.005533333,0
0.007,1
0.006533333,0
0.003066667,0
0.0036,0
0.0002,0
0,0
0,0
0,0
0,0
0,0
0,0
0,0
0,0
0,0
0,0
0,0
0,0
0,0
0,0
0,0
0,0
0,0
0,0
0,0
0,0
0,0
0,0
0,0
0,0
0,0
0,0
0,0
0,0
0,0
0,1
0,0
0,0
0,1
0,0
0,0
0,1
0,8
0,1
0,0
0,0
0,0
0,0
0,0
0,0
0,0
0,0
0,0
0,0
0,0
0,0
0,0
0,0
0,0
0,2
0,0
0,0
0,0
0,0
0,0
0,0
0,1
0,5
0,0
0,5
0,5
0,4
0,0
0,6
0,2
0,2
0,3
0,0
0,0
0,0
0,0
0,0
0,0
0,0
0,0
0,0
0,0
0,1
0,0
0,0
0,0
0,0
0,0
0,0
0,0
0,2
0,0
0,0
0,0
0,0
0,0
0,0
0,0
0.006533333,0
0.007,1
0.007,0
0.005333333,0
0.004133333,0
0.001533333,0
0,0
0,0
0,0
0,0
0,0
0,0
0,0
0,0
0,0
0,0
0,0
0,0
0,0
0,0
0,0
0,0
0,0
0,0
0,0
0,0
0,0
0,1
0,0
0,0
0,0
0,1
0,3
0,10
0,2
0,1
0,0
0,0
0,0
0,0
0,0
0,0
0,0.254237288
0,0.381355932
0,0.381355932
0,0.381355932
0,0.381355932
0,0.381355932
0,0.381355932
0,0.381355932
0,0.381355932
0,0.381355932
0,0.381355932
0,0.381355932
0,0.381355932
0,0.381355932
0,0.381355932
0,0.381355932
0,5.025423729
0,3
0,1
0,0
0,0
0,3
0,0
0,2
0,5
0,0
0,0
0,4
0,0
0,0
0,0
0,0
0,0
0,0
0,0
0,0
0,0
0,1
0,2
0,0.056198347
0,0.421487603
0,0.421487603
0,0.421487603
0,0.421487603
0,0.421487603
0,0.421487603
0,0.421487603
0,0.421487603
0,0.421487603
0,0.421487603
0,0.421487603
0,0.421487603
0.007066667,0.421487603
0.007466667,0.421487603
0.0048,0.421487603
0.0036,0.421487603
0.0042,0.421487603
0.003466667,0.421487603
0,0.421487603
0,0.421487603
0,0.421487603
0,0.421487603
0,0.421487603
0,0.421487603
0,0.421487603
0,0.421487603
0,0.421487603
0,0.421487603
0,0.421487603
0,0.421487603
0,0.421487603
0,0.421487603
0,0.421487603
0,0.421487603
0,0.421487603
0.0002,0.421487603
0,0.421487603
0,0.421487603
0.0002,0.421487603
0,0.421487603
0,0.084297521
0,0
0,4
0,2.857142857
0.007066667,5.142857143
0.0082,7
0.008,4
0.007266667,8
0.007,2
0.007,0
0.007,0
0.007,0
0.007,0
0.007,0
0.005466667,0
0.003933333,0
0.0014,0
0,0
0,0
0,0
0,2
0,3
0,0
0,2
0,0
0,0
0,2
0,1
0,0
0,0
0,0
0,0
0,0
0,0
0,4
0,0
0,0
0,0
0,1
0,0
0,2
0,0
0,5
0,4
0,0
0,0
0,0
0,0
0,0
0,0
0,0
0,0
0,2
0,0
0,0
0,0
0,0
0,0
0,2
0,0
0,2
0,0
0,0
0,0
0,0
0,0
0,0
0,0
0,0
0,0
0,0
0,0
0,0
0,0
0,0
0,0
0,0
0,0
0,0.094339623
0,0.141509434
0,0.141509434
0,0.141509434
0.003733333,0.141509434
0.007,0.141509434
0.007,0.141509434
0.006266667,0.056603774
0.0052,0
0.0016,0
0,0
0,0
0,0
0,0
0,0
0,0
0,0
0,0
0,0
0,0
0,1
0,0
0,0
0,0
0,0
0,7
0.0002,13
0,6
0,7
0,6
0,0
0,0
0,0
0,0
0,0
0,0
0,0
0,0
0,0
0,0
0,0
0,2
0,0
0,3
0,0
0,2
0,0
0,0
0,0
0,0
0,0
0,0
0,0
0,2
0,0
0,1
0,0
0,1
0,0.571428571
0,3.428571429
0,3
0,0
0,1
0,1
0,0
0,0
0,0
0,0
0,1
0,3
0,0
0,0
0,0
0,0
0,1
0,1
0,0
0,3
0,0
0,2
0,0
0,0
0.000933333,0
0.007,0
0.006866667,2
0.004333333,0
0.0006,6
0,0
0,0
0,0
0,0
0,0
0,0
0.002,0
0,0
0,0
0,0
0,0
0,0
0,0
0,0
0,0
0,0
0,1
0,0
0,0
0,0
0,0
0,0
0,0
0,0
0,0
0,0
0,0
0,0
0,0
0,0
0,2
0,0
0,1
0,0
0,0
0,0
0,4
0,0
0,1
0,0
0,1
0,1
0,0
0,0
0,0
0,1
0,0
0,3
0,12
0,0
0,2
0,0
0,0
0,0
0,0
0,0
0,0
0,0
0,0
0,0
0,0
0,0
0,0
0,0
0,1
0,0
0,0
0,0
0,0
0,4
0,0
0,0
0,0
0,0
0,0
0,0
0,0.6
0,0.4
0,0
0,1
0,0
0,0
0,0
0,0
0,0
0,0
0,0
0,3
0,3
0,0
0,0
0,0
0,0
0.005133333,0
0.007,0
0.005266667,0
0.001333333,0
0.003466667,0
0,0
0,0
0,0
0,0
0,0
0,0
0,0
0,0
0,0
0,0
0,0
0,0
0,0
0,0
0,0
0,0
0,0.2
0,0.75
0,0.05
0,0
0,0
0,0
0,0
0,0
0,0
0,0
0,0
0,0
0,0
0,0
0,0
0,0
0,0
0,0
0,1
0,2.5
0,6.5
0,1
0,0
0,0
0,0
0,0
0,0
0,0
0,0
0,0
0,0
0,0
0,0
0,0
0,0
0,0
0,0
0,1
0,0
0,0
0,0
0,0
0,0
0,0
0,0
0,0
0,0
0,0
0,0
0.003266667,0
0.007,0
0.007,1
0.007,0
0.007,0
0.007,0
0.007,0
0.007,0
0.007,1
0.007,7
0.007,2
0.007,6
0.007,6.8
0.006733333,1.2
0.006133333,2
0.007733333,0
0.007266667,2
0.0044,0
0.0034,0
0.0052,0
0.0002,0
0,0
0,0
0,0
0,0
0,0
0,0
0,0
0,0
0,0
0,0
0,1
0,0
0,0
0,0
0,0
0,0
0,0
0,0
0,0
0,0
0,0
0,0
0,0
0,0
0.0002,0
0,1
0,0
0,0
0,0
0,1
0,7
0,3
0,0
0,0
0,0
0,1
0,1
0,2.098039216
0,0.294117647
0,0.294117647
0,0.294117647
0,4.019607843
0,2
0,1
0,3
0,1
0,0
0,0.666666667
0,0.333333333
0,1
0,0
0,1
0,12
0,1
0,0
0,1
0,1
0,0
0,1
0,1
0,0
0,0
0,0
0,1
0,0
0,1
0,0
0,0
0,1
0,2
0,1
0,6
0,1
0,0
0,1
0,1
0,4
0,3
0,0
0,0
0,0
0,2
0,0
0,0
0,0
0,0
0,1
0,0
0,0
0,0
0,0
0,3
0,0
0.006533333,0
0.007,2
0.006066667,0
0.0026,0
0.0002,0
0.0032,0
0,0
0,0
0,0
0,0
0,0
0,0
0,0
0,0
0,0
0,0
0,0
0,0
0,0
0,0
0,0
0,0
0,0
0,0
0,0
0,0
0,0
0,0
0,0
0,0
0,0
0,0
0,0
0,0
0,1
0,0
0,12
0,0
0,1
0,1
0,0
0,0
0,0
0,0
0,0
0,0
0,0
0,0
0,0
0,0
0,0
0,0
0,0
0,0
0,0
0,0
0,0
0,0
0,3
0,0
0,1
0,1
0,1
0,1
0,5
0,0
0,0
0,0
0,0
0,0
0,0
0,1
0,0
0,0
0,0
0,3
0,0
0,3
0,0
0,0
0,0
0,0
0,4
0,2
0,6
0,6
0,5
0,0
0,0
0,0
0,0
0,1
0,6
0,4
0,11
0,8
0,0
0,0
0,0
0,0
0,0
0,1
0,0
0.006933333,0
0.007,1
0.007,0
0.005066667,0
0.0048,0
0,0
0,0
0,0
0,0
0,0
0,0
0,0
0,0
0,0
0,0
0,0
0,0
0,0
0,0
0,0
0,0
0,0
0,0
0,0
0,0
0,0
0,0
0,0
0,0
0,0.909090909
0,5.090909091
0,7
0,6
0,11
0,1
0,0
0,0
0,0
0,0
0,0
0,0
0,0
0,0
0,0
0,0
0,0
0,0.744680851
0,1.117021277
0,1.117021277
0,1.117021277
0,1.117021277
0,1.117021277
0,0.670212766
0,6
0,4
0,0
0,0
0,0
0,0
0,0
0,2
0,0
0,0
0,0
0,0.606060606
0,0.909090909
0,2.484848485
0,0
0,1
0,0
0,2
0,4
0,1
0,0
0,0
0,0
0,0
0,0
0,0
0,0
0,2
0,0
0,0.523809524
0,0.476190476
0,0
0,0
0,1
0,0
0,0
0,0
0,0
0,2
0,0
0,0
0,0
0,0
0,0
0.004,0
0.007,2
0.007,0
0.006,0
0.005066667,0
0.001,0
0,0
0,0
0,0
0,0
0,0
0,0
0,0
0,0
0,0
0,0
0,0
0,0
0,0
0,0
0,0
0,0
0,0
0,0
0,0
0,0
0,0
0,0
0,1
0,0
0,0
0,0
0,1
0.001066667,1
0,6
0,0
0,0
0,0
0,0
0,0
0,0
0,0
0,0
0,0
0,0
0,0
0,0
0,0
0,6.857142857
0,3.966386555
0,7.926470588
0,7.25
0,0
0,0
0,4
0,1
0,0
0,3
0,0
0,0
0,0
0,0
0,0
0,0
0,0
0,0
0,1
0,7
0,5
0,0
0,0
0,0
0,0
0,0
0,0
0,0
0,0
0,0
0,1
0,0
0,0
0,1
0,0
0,0
0,0
0,0
0,1.2
0,1.8
0,0
0,0
0,0
0,0
0.0064,0
0.005866667,1
0.003733333,0
0,0
0.0014,0
0.0014,0
0,0
0,0
0,0
0,0
0,0
0,0
0,0
0,0
0,0
0,0
0,0
0,0
0,0
0,0
0,0
0,0
0,0
0,0
0,0
0,0
0,0
0,0
0,0
0,0
0,0
0,0
0,0
0,1
0,0
0,0
0,1
0,1
0.001,0
0,9
0,1
0,0
0,0
0,0
0,0
0,0
0,0
0,0
0,0
0,0
0,0
0,0
0,0
0,0
0,0
0,0
0,6
0,3
0,2
0,5
0,4
0,0
0,0
0,0
0,0
0,0
0,0
0,0
0,0
0,0
0,0
0,0
0,0
0,4
0,0
0,0
0,2
0,0
0,1
0,0
0,0
0,0
0,0
0,0
0,0
0,0
0,0
0,0
0,4
0,0
0,0
0,0
0,0
0,0
0,0
0,0
0,0
0,0
0.002333333,0
0.007,1
0.006266667,0
0.002666667,0
0.000466667,0
0.0028,0
0,0
0,1
0,0
0,0
0,0
0,0
0,0
0,0
0,0
0,0
0,0
0,0
0,0
0,0
0,0
0,0
0,0
0,0
0,0
0,0
0,0
0,0
0,0
0,0
0,0
0,0
0,0
0,0
0,1
0,0
0,2
0,0
0,0
0,0
0,0
0,5
0,2
0,6
0,7
0,4
0,0
0,0
0,0
0,2
0,0
0,0
0,0
0,2.5
0,3.5
0,5
0,1
0,0
0,0
0,0
0,0
0,0
0,0
0,0
0,0
0,0
0,0
0,0
0,0
0,0
0,0
0,0
0,0
0,0
0,0
0,0
0,0
0,0
0,0
0,1
0,0.06
0,0.3
0,0.3
0,0.3
0,0.3
0,0.3
0,0.3
0,0.14
0,2
0,7.4375
0,3.5625
0,7
0.005666667,5
0.008,1
0.008,0
0.007533333,0
0.0056,0
0.0054,0
0.003266667,0
0.0002,0
0,0
0,0
0,0
0,0
0,0
0,0
0,0
0,0
0,0
0,0
0,0
0,0
0,0
0,0
0,0
0,0
0,0
0,1
0,0
0,0
0,0
0,0
0,0
0,0
0.0002,0.428571429
0,0.571428571
0,3
0,0
0,1
0,0
0,1.731707317
0,2.195121951
0,2.195121951
0,1.711382114
0,0.166666667
0,0
0,0
0,0
0,0
0,0
0,0
0,0
0,0
0,0
0,0
0,0
0,0
0,0
0,0
0,0
0,0
0,0
0,0
0,0
0,0
0,1
0,0.583333333
0,0.416666667
0,0
0,0
0,0
0,0
0,0
0,0
0,1
0,0
0,4
0,5
0,5
0,4
0,0
0,0
0,0
0,0
0,0
0,0
0,1
0,0
0,0
0,0
0,0
0,0.857142857
0,2.142857143
0,0
0,0
0,0
0.002333333,0
0.007,1
0.0068,0
0.0042,0
0.002266667,0
0.0022,0
0,0
0,0
0,0
0,0
0,0
0,0
0,0
0,0
0,0
0,0
0,0
0,0
0,0
0,0
0,0
0,0
0,0
0,0
0,0
0,0
0,0
0,0
0,0
0,0
0,0
0,0
0,1
0,0
0,0
0,1
0,0
0,4.714285714
0,7.285714286
0,0
0,1.3
0,0.7
0,1
0,0
0,0
0,0
0,1
0,1
0,0
0,0
0,0
0,0
0,0
0,0
0,2
0,1
0,0
0,4
0,0
0,0
0,0
0,1
0,0
0,0
0,2
0,0
0,0
0,0
0,1
0,0
0,0
0,1
0,0
0,1
0,4
0,5
0,0
0,2
0,0
0,0
0,7
0,4
0,0
0,0
0,0
0,0
0,0
0,0
0,2
0,2
0,0
0,2
0,0
0,0
0,0
0,0
0,0
0,0
0,0
0,0
0,0
0,3
0,0
0,0
0,0
0,0
0,0
0,0
0,0
0.005933333,0
0.007,1
0.007,0
0.007,0
0.007,0
0.007,0
0.007,0
0.007,0
0.007,0
0.007,0
0.006933333,0
0.0052,0
0.003733333,0
0.0012,0
0,0
0,0
0,0
0,0
0,0
0,0
0,0
0,1
0,0
0,0
0,0
0,0
0,0
0,0
0,3
0,3.818181818
0,3.781818182
0,0.4
0,0
0,0
0,3
0,0
0,0
0,0
0,0
0,0
0,0
0,0
0,0
0,0
0,0
0,0
0,2
0,0
0,0
0,0
0,0
0,1
0,4
0,1
0,10
0,2
0,0
0,0
0,0
0,1
0,0
0,0
0,0
0,7
0,2
0,0
0,0
0,0
0,0
0,0
0,0
0,0
0,0
0,0
0,0
0,0
0,0
0,0
0,0
0,0
0,4
0,1
0,0
0,0
0,0
0,0
0,0
0,0
0,0
0,0
0,0
0.002333333,0
0.007,0
0.007,1
0.005333333,0
0.001533333,0
0.003733333,0
0,0
0,0
0,0
0,0
0,0
0,0
0,0
0,0
0,0
0,0
0,0
0,0
0,0
0,0
0,0
0,0
0,0
0,0
0,0
0,0
0,0
0,4
0,0
0,0
0,0
0,1
0,0
0,3.333333333
0.002666667,6.952380952
0.007,0.714285714
0.005733333,0
0.003866667,0
0.002933333,0
0.0038,0
0,0
0,0
0,0
0,0
0,0
0,0
0,0
0,3
0,0
0,1
0,0
0,0
0,0
0,1
0,0
0,0
0,0
0,0
0,0
0,0
0,0
0,1
0,0
0,0
0,0
0,1
0,3
0,4
0,0
0,0
0,5
0,3
0,0
0,0
0,0
0,0
0,0
0,0
0,6
0,0
0,7
0,0
0,2
0,0
0,0
0,0
0,0
0,0
0.000866667,0
0.007,0
0.006266667,1
0.0026,0
0.0004,0
0,1
0,0
0.002266667,0
0.005333333,0
0.002466667,0
0,0
0,0
0,0
0,0
0,0
0,0
0,0
0,0
0,0
0,0
0,0
0,0
0,0
0,0
0,0
0,0
0,0
0,0
0,0
0,0
0,0
0,0
0,0
0,0
0,0
0.0042,0
0.000866667,0
0,0
0.002066667,0
0,6
0,2
0,12
0,8
0,6
0,0.97826087
0,0.97826087
0,0.97826087
0,0.065217391
0,0
0,0
0,0
0,0
0,0
0,0
0,0
0,0
0,0
0,0
0,0
0,0
0,0
0,0
0,5
0,0
0,2
0,0
0,2
0,0
0,3
0,0
0,0
0,0
0,0
0,1
0,1
0,0
0,5
0,6
0,4
0,4
0,0
0,0
0,0
0,0
0,3
0,0
0,1
0,0
0,0
0,0
0,0
0,0
0,0
0,0
0,0
0,0
0,2
0,2
0,0
0,0
0.005133333,0
0.007,0
0.007,0
0.005266667,0
0.0052,0
0.0006,0
0,0
0.0014,0
0.0002,0
0,0
0,0
0,0
0,0
0,0
0,0
0,0
0,0
0,0
0,0
0,0
0,0
0,0
0,0
0,0
0,0
0,0
0,0
0,0
0,0
0,0
0,0
0,0
0,0
0,0
0,0
0,1
0.000466667,0
0,2
0,0
0,2
0,6
0,1
0,1
0,0
0,0
0,0
0,0
0,0
0,0
0,0
0,0
0,2
0,4
0,7
0,3
0,4
0,2
0,1
0,0
0,0
0,1
0,0
0,0
0,0
0,2
0,0
0,0
0,0
0,0
0,0
0,1
0,5
0,3
0,1
0,0
0,0
0,0
0,2
0,0
0,0
0,0
0,0
0,0
0,0
0,0
0,0
0,0
0,0
0,0
0,0
0,0.666666667
0,2.333333333
0,0
0,0
0,0
0,0
0,0
0,0
0,0
0,0
0.004066667,0
0.007,2
0.005266667,0
0.001266667,0
0.0008,0
0.002533333,0
0,0
0,0
0,0
0,0
0,0
0,0
0,0
0,0
0,0
0,0
0,1
0,0
0,0
0,0
0,0
0,0
0,0
0,0
0,0
0,0
0,0
0,0
0,0
0,0
0,4
0,2
0,0
0,0
0,0
0,0
0,3
0,2
0.003666667,0
0.007,3
0.007,1
0.007,0
0.007,10
0.006,1
0.005933333,0
0.007,0
0.007,0
0.007533333,0
0.008,1
0.008,0
0.008,2
0.008,5
0.008,2.5
0.0082,7.5
0.008533333,7
0.007266667,5
0.007,0
0.007,0
0.006733333,0
0.005066667,0
0.004,0
0.0034,0
0.003,0
0.003,0
0.003,0
0.0012,0
0,0
0,0
0,0
0,0
0,0
0,0
0,0
0,0
0,0
0,0
0,0
0,0
0,0
0,0
0,0
0,0
0,0
0,0
0,0
0,0
0,0
0,12
0,4
0,8
0.0004,6
0.009,0
0.008666667,0
0.0056,0
0.004066667,0
0.0038,0
0.005066667,0
0.0012,0
0,0
0,0
0,0
0,0
0,0
0,0
0,0
0,0
0,0
0,1
0,0
0,0
0,0
0,0
0,0
0,0
0,0
0,0
0,0
0,0
0,0
0,0
0,0
0,0
0.0006,0
0,1
0,0
0,2
0,1
0,0
0,1
0,0
0,7
0,3
0,0
0,0
0,0
0,0
0,0
0,0
0,0
0,0
0,0
0,0
0,0
0,0
0,0
0,0
0,0
0,0
0,0
0,0
0,0
0,0
0,0
0,0
0,1
0,0
0,0
0,0
0,0
0,0
0,0
0,0
0,0
0,4
0,0
0,0
0,0
0,0
0,0
0,0
0.0012,0
0.006,0
0.006,0
0.006,0
0.006,1
0.005666667,0
0.005,0
0.005,0
0.005,0
0.005,0
0.005,0
0.005,0
0.005,0
0.005,9
0.005,3
0.005,7
0.0052,6
0.005333333,5
0.004,0
0.005066667,0
0.011,1
0.010466667,0
0.0084,0
0.005333333,0
0.0038,1
0.0012,0
0,0
0.002333333,0
0.000733333,0
0,0
0,0
0,0
0,0
0,0
0,0
0,0
0,0
0,0
0,0
0,0
0,0
0,0
0,0
0,0
0,0
0,0
0,0
0,0
0,0
0,0
0,0
0,0
0.002133333,1
0.0002,0
0,0
0,0
0,0.9375
0,2.335227273
0,7.727272727
0,13
0,1
0,1.191780822
0,0.410958904
0,0.410958904
0,0.410958904
0,0.410958904
0,0.164383562
0,0.137931034
0,2.068965517
0,3.793103448
0,9.846153846
0,5.769230769
0,5.634615385
0,3.638888889
0,4.888888889
0,0.297222222
0,0.375
0,0.375
0,0.175
0,0.080645161
0,0.241935484
0,0.241935484
0,0.241935484
0,0.193548387
0,0
0,0
0,0.137931034
0,2.068965517
0,1.793103448
0,4
0,0
0,5.047904192
0,0.718562874
0,0.718562874
0,0.718562874
0,0.718562874
0,0.718562874
0,0.718562874
0,0.718562874
0,0.718562874
0,0.718562874
0,0.718562874
0,0.718562874
0,0.047904192
0,0
0,0
0,0
0,0
0,0.239875389
0,0.327102804
0,0.327102804
0,0.327102804
0,0.327102804
0,0.327102804
0,0.327102804
0,0.327102804
0,0.327102804
0.004,0.327102804
0.0072,0.327102804
0.0064,0.327102804
0.0032,0.327102804
0,0.327102804
0.003133333,0.327102804
0,0.327102804
0,0.327102804
0,0.327102804
0,0.327102804
0,0.327102804
0,0.327102804
0,0.327102804
0,0.327102804
0,0.327102804
0,0.327102804
0,0.327102804
0,0.327102804
0,0.327102804
0,0.327102804
0,0.327102804
0,0.327102804
0,0.327102804
0,0.327102804
0,0.327102804
0,0.327102804
0,0.327102804
0,0.327102804
0,0.327102804
0,0.327102804
0,0.327102804
0,0.327102804
0,0.327102804
0,0.327102804
0,7.560268392
0,8.076923077
0,8.076923077
0,4.807692308
0,0.625
0,0.170454545
0,0.170454545
0,0.170454545
0,0.170454545
0,0.170454545
0,0.170454545
0,0.170454545
0,0.170454545
0,0.170454545
0,0.170454545
0,0.170454545
0,0.170454545
0,0.170454545
0,0.170454545
0,0.170454545
0,0.170454545
0,0.40679463
0,1.943005181
0,1.943005181
0,1.943005181
0,1.943005181
0,1.943005181
0,1.943005181
0,1.943005181
0,1.943005181
0,1.943005181
0,1.943005181
0,1.943005181
0,1.943005181
0,1.9582038
0,1.523004695
0,0.211267606
0,0.211267606
0,0.211267606
0,0.211267606
0,0.211267606
0,0.211267606
0,0.211267606
0,0.211267606
0,0.211267606
0,0.042253521
0,0
0,0
0,0
0,0
0,0
0,0
0,3
0,0
0,0
0.0058,0
0.005333333,0
0.0034,0
0,0
0.014866667,0
0.0182,2
0.017466667,0
0.014933333,0
0.013533333,0
0.011,0
0.0074,0
0.0036,0
0,0
0.0002,0
0,0
0,0
0,0
0,0
0,0
0,0
0,0
0,0
0.0002,0
0,0
0.0002,0
0,0
0,0
0,0
0,0
0,0
0,0
0,0
0.0002,0
0,0
0.0008,0
0.0048,1
0.005666667,1
0.005133333,0
0.005,0
0.004933333,4
0.003866667,2
0.0032,5
0.003,8
0.0004,0
0,1
0,7
0,2
0,5
0,3
0,10
0,7
0,0
0,0
0,0
0,7
0,6.666666667
0,6.833333333
0,7.5
0,0
0,0
0,1
0,10
0,3
0,2
0,0
0,0
0,0
0,0
0,0
0,0
0,0
0,0
0,0
0,0.285714286
0,0.714285714
0,0
0,0
0,0
0,0
0,0
0,0
0,0
0,0
0,0
0,0.333333333
0,1.583333333
0,0.643333333
0,0.44
0,3
0,0.111111111
0,0.981196581
0,0.230769231
0,0.230769231
0,0.230769231
0,0.230769231
0,0.230769231
0,0.230769231
0,0.230769231
0,0.230769231
0,0.061538462
0,0
0,0
0,0
0,0
0,0
0,0
0,0
0,0
0,0
0,0
0,0
0,0
0,0
0,0
0,0
0,0
0,0
0,0
0,0
0,0
0,0
0,0
0,0
0,0
0,0
0,0.022727273
0,0.113636364
0,0.113636364
0,0.113636364
0,0.113636364
0,0.113636364
0,0.113636364
0,0.113636364
0,0.113636364
0,0.173444976
0,0.263157895
0,0.263157895
0,0.263157895
0,1.605263158
0,2.5
0,2.5
0,2.5
0,2.454545455
0,5.454545455
0,2.590909091
0,3.442028986
0,6.304347826
0,6.304347826
0,6.304347826
0,6.304347826
0,2.697722567
0,2.142857143
0,2.142857143
0,2.142857143
0,2.142857143
0,2.142857143
0,2.142857143
0,1.113300493
0,1.379310345
0,1.379310345
0,1.379310345
0,1.379310345
0,1.379310345
0,0.561576355
0,0.357142857
0,0.357142857
0,0
0,0
0,0
0,0.615384615
0,1.153846154
0,0.230769231
0,0
0,0
0,0
0,0
0,0.5
0,2.027272727
0,1.636363636
0,1.636363636
0,1.2
0,0
0,0
0,0.8
0,6.644444444
0,10.83333333
0,10.83333333
0,3.218888889
0,0.45
0,0.45
0,0.45
0,0.45
0,0.45
0,0.42
0,0
0,0
0,0
0,0.327868852
0,0.491803279
0,0.491803279
0,0.491803279
0,0.196721311
0,0
0,0
0,0
0,0
0,0
0,0
0,0
0,0
0,0
0,0
0,0
0,0
0,0
0,0
0,0
0,0
0,0
0,0
0,0
0,0
0,0
0,0
0,0
0,0
0,0
0,1.818181818
0,5.181818182
0,1
0,2.5
0,2.5
0,1
0,0
0,1
0,0
0,0.333333333
0,1.777777778
0,0.888888889
0,0
0,0
0,0
0,1
0,9
0,6
0,1
0,1
0,0
0,0
0,0
0,9
0,1
0,0.310344828
0,0.775862069
0,0.775862069
0,0.775862069
0,2.362068966
0,5.625
0,4.375
0,4.727272727
0,2.272727273
0,0
0,1
0,0
0,0
0,0
0,1.333333333
0,4.111111111
0,0.555555556
0,0
0,1
0,0
0,1
0,0
0,0
0,0.434782609
0,1.304347826
0,1.260869565
0,0.714285714
0,0.974025974
0,0.974025974
0,0.974025974
0,0.974025974
0,0.38961039
0,0
0,0
0,0
0,0
0,0
0,0
0,0
0,0
0,3
0,0
0,0
0,0
0,0
0,0
0,0
0,0
0,0
0,0
0,0
0,0
0,0
0,0
0,0
0,0
0,0
0,0
0,0
0,0
0,0
0,0
0,0
0,0
0,0
0,0
0,0
0,0
0,0
0,0
0,0
0,0
0,0
0,0
0,0
0,1
0,0
0,7
0,0
0,4
0,3
0,2
0,3
0,11
0,5
0,0
0,0
0,0
0,0
0,0
0,6
0,0
0,0
0,0
0,1
0,2
0,1
0,0
0,0
0,0
0,0
0,0
0,0
0,0
0,0
0,0
0,0
0,0
0,1
0,0
0,0
0,0
0,0
0,0
0,0
0,0
0,0
0,0
0,0
0,0
0,0
0,2
0,1.5
0,2.5
0,0
0,0
0,0
0,0
0,0
0,6
0,4
0.0028,0
0.007,1
0.007,0
0.004933333,0
0.001266667,0
0.0034,0
0,0
0,0
0,0
0,0
0,0
0,0
0,0
0,0
0,0
0,0
0,0
0,0
0,0
0,0
0,0
0,0
0,0
0,0
0,0
0,0
0,0
0,0
0,0
0,0
0,0
0,0
0,0.555555556
0,1.111111111
0,2.333333333
0,0
0.0056,0
0.007,8.571428571
0.0056,4.428571429
0,0
0,0
0,0
0.004666667,1.545454545
0.007,0.454545455
0.007,5
0.007,3
0.007,5.666666667
0.007,8.333333333
0.007,2
0.007,0
0.006733333,0
0.006733333,0
0.0044,0
0.002133333,0
0,0
0,0
0,0.533333333
0,0.466666667
0,0
0,0
0,0
0,0
0,0
0,0
0,0
0,0
0,0
0,0
0,0
0,0
0,0
0,0
0,0
0,0
0,0
0,0
0,4
0,0
0,0
0,0
0,0
0,0
0,0
0,0
0,0
0,0
0,0
0,0
0,0
0,0
0,0.357142857
0,5.415584416
0,5.795454545
0,5.795454545
0,5.011363636
0,2.8125
0.003266667,2.8125
0.007,2.8125
0.007,0.1875
0.006533333,0
0.004133333,0
0.004533333,0
0,0
0,0
0,0
0,0
0.000266667,0
0,0.25
0,0.288461538
0,0.288461538
0,0.173076923
0,0
0,0
0,0
0,0
0,0
0,0
0,0
0,0
0,0
0,0
0,0
0,0
0,0
0,0
0,0
0,0
0,0
0,0
0,0
0,1.157894737
0,4.342105263
0,4.342105263
0,4.157894737
0,0
0,0
0,11
0,1.777777778
0,5.222222222
0,5.5
0,6.5
0,0
0,7
0,0
0,0
0,0
0,0
0,0
0,0
0,0
0,0
0,0
0,2
0,0
0,0
0,0
0,0
0,1
0,0
0,0
0,0
0,0
0,1
0,0
0,0
0,0
0,1
0,0
0,0
0,0
0,5
0,0
0,1
0,0
0,2
0,2
0,0
0,0
0,0
0,0
0,0
0,0
0,0
0,0
0,0
0,0
0,0
0,0
0,0
0,4
0,0
0,0
0,0
0,0
0,0
0,0
0,0
0,0
0,0
0,0
0,0
0,0
0.0014,0
0.007533333,1
0.004866667,0
0.0036,0
0.0028,0
0.004666667,0
0.000933333,0
0,0
0,0
0,0
0,0
0,0
0,0
0,0
0,0
0,0
0,0
0,0
0,0
0,0
0,0
0,0
0,0
0,0
0.000733333,0
0,1
0,0
0,0
0.0002,0
0,1
0,0
0,0
0,0
0,0
0,0
0,1
0,3
0,2
0,0
0,0
0,0
0,0
0,0
0,0
0,0
0,0
0,0
0,0
0,0
0,0
0,3
0,1
0,4
0,5
0,0
0,2
0,1
0,1
0,0
0,0
0,0
0,1
0,0
0,0
0,0
0,3
0,6
0,2
0,2
0,0
0,0
0,0
0,0
0,0
0,0
0,0
0,0
0,0
0,0
0,0
0,0
0,1
0,0
0,0
0,0
0,3
0,2
0,0
0.001333333,0
0.007,0
0.007,0
0.007,0
0.004666667,0
0.004733333,0
0,0
0,0
0,0
0,0
0,0
0,0
0,0
0,0
0,0
0,0
0,0
0,0
0,0
0,0
0,0
0,0
0,0
0,0
0,0
0,0
0,0
0,0
0,0
0,0
0,0
0,0
0,0
0,1
0,0
0,1
0.000466667,2
0.004733333,0
0.0002,4
0,0
0,0
0,1
0.000266667,8
0,1
0,0
0,0
0,0
0,0
0,0
0,0
0,0
0,0
0,0
0,0
0,0
0,1
0,0
0,2
0,0
0,0
0,3
0,0
0,0
0,1
0,0
0,1
0,6
0,0
0,2
0,0
0,0
0,1
0,7
0,7
0,2
0,0
0,1
0,0
0,0
0,0
0,0
0,0
0,0
0,0
0,2
0,5
0,1
0,4
0,3
0,0
0,0
0,4
0,0
0,0
0,1
0,0
0,0
0,0
0,0
0,0
0.006466667,0
0.007,1
0.004866667,0
0.0008,0
0.003266667,0
0,0
0,0
0,0
0,0
0,0
0,0
0,0
0,0
0,0
0,0
0,0
0,0
0,0
0,0
0,0
0,0
0,0
0,0
0,0
0,0
0,0
0,0
0,0
0,0
0,1
0,0
0,7
0,2
0,5
0,5
0,6
0.000666667,0
0,6
0,4
0,0
0,0
0,0
0,0
0,0
0,0
0,0
0,0
0,0
0,0
0,0
0,0
0,1
0,1
0,0
0,1
0,0
0,1
0,0
0,0
0,0
0,0
0,0
0,0
0,0
0,2
0,0
0,1
0,0
0,0
0,0
0,0
0,5
0,5
0,3
0,7
0,1
0,0
0,0
0,0
0,0
0,0
0.007733333,0
0.013,0
0.013133333,0
0.011733333,0
0.0072,0
0.006933333,0
0.006266667,0
0.003533333,0
0.000666667,3
0,0
0,0
0,0
0,0
0,0
0,0
0,0
0.006933333,0
0.013,3
0.013,0
0.013866667,0
0.010533333,0
0.005933333,0
0.007066667,0
0.004733333,0
0.0018,0
0,0
0,0
0,0
0,0
0,0
0,0
0,0
0,0
0,0
0,0
0,0
0,0
0,0
0,0
0,0
0,0
0,0
0,0
0,0
0,0
0,0
0,0
0,0
0,0
0,1
0,3
0,0
0,0
0,2
0,3
0.003266667,6
0.007,3
0.007,0
0.007,0
0.007,0
0.007,2
0.007,0
0.007,0
0.007,0
0.007,0
0.007,0
0.007,2
0.007,0
0.007,0
0.007,0
0.007,1
0.0058,2
0.003933333,0
0.0012,3
0,0
0,0
0,2
0,0
0,0
0,0
0,0
0,0
0,1
0,0
0,2
0,8
0,7
0,5
0,1
0,0
0,0
0,0
0,1
0,0
0,0
0,0
0,0
0,0
0,0
0,3
0,0
0,0
0,0
0,0
0,0
0,3
0,0
0,0
0,0
0,0
0,0
0,0
0,0
0,0
0,0
0,0
0.004466667,0
0.006533333,1
0.0032,0
0,0
0.0008,0
0.002066667,0
0,0
0,0
0,0
0,0
0,0
0,0
0,0
0,0
0,0
0,0
0,0
0,0
0,0
0,0
0,0
0,0
0,0
0,0
0,0
0,0
0,0
0,0
0,0
0,0
0,4
0,0
0,0
0,0
0,0
0,10
0,4
0,7.5
0,6.5
0,2
0,1
0,0
0,2
0,0
0,0
0,0
0,0
0,2
0,12
0,0
0,0
0,0
0,0
0,0
0,0
0,1
0,0
0,0
0,0
0,0
0,0
0,0
0,0
0,2
0,0
0,0
0,0
0,0
0,0
0,0
0,0
0,0
0,0
0,2
0,0
0,0
0,0
0,0
0,0
0,0
0,0
0,0
0,0
0,0
0,0
0,0
0,0
0,0
0,0
0,1
0,3
0.0058,0
0.0078,0
0.0074,1
0.004666667,0
0.0058,0
0.0034,0
0.0006,0
0,0
0,0
0,0
0,0
0,0
0,0
0,0
0,0
0,0
0,0
0,0
0,0
0,0
0,0
0,0
0,0
0,0
0,0
0,0
0,0
0.001333333,0
0,1
0.0004,0
0,3
0,4
0,0
0.0004,0
0,1
0,0
0,7
0,1
0,8
0,3
0,6
0,8
0,3
0,0
0,0
0,0
0,0
0,0
0,0
0,0
0,0
0,0
0,0
0,0
0,0
0,0
0,0
0,0
0,0
0,1
0,0
0,0
0,0
0,0
0,0
0,0
0,0
0,3
0,0
0,0
0,0
0,3
0,0
0,0
0,0
0,2
0,0
0,0
0,0
0,0
0,0
0,0
0,0
0,0
0,0
0,1
0,0
0,0
0,3
0.004666667,0
0.007,6
0.006066667,6
0.002333333,6
0,7
0.003066667,0
0,0
0,0
0,0
0,0
0,0
0,0
0,0
0,0
0,0
0,0
0,0
0,0
0,0
0,0
0,0
0,0
0,0
0,0
0,0
0,0
0,1
0,0
0,0
0,0
0,0
0,0
0,0
0,0
0,0
0,1
0,0
0,0
0,0
0,0
0,0
0,3
0,5
0,0
0,0
0,2
0,11
0,5
0,3
0,1
0,0
0,0
0,1
0,1
0,1
0,5
0,7
0,1
0,4
0,0
0,0
0,2
0,1
0,5
0,4
0,0
0,1
0,0
0,0
0,0
0,0
0,0
0,1
0,0
0,0
0,1
0,3
0,0
0,5
0,1
0,0
0,0
0,0
0,6
0,4
0,2
0,0
0,0
0,0
0,0
0,0
0,0
0,0
0,0
0,1
0,1
0,0
0,0
0,0
0,0
0,0
0,0
0,0
0.002266667,0
0.007,1
0.007,0
0.007,0
0.0064,0
0.005666667,0
0.001466667,0
0,0
0,0
0,0
0,0
0,0
0,0
0,0
0,0
0,0
0,0
0,0
0,0
0,0
0,0
0,0
0,0
0,0
0.000733333,0
0,0
0,0
0,0
0,1
0,0
0,0
0,0
0,0
0,8
0,0
0,0
0,4
0,2
0,0
0,0
0,3
0,1
0,0
0,0
0,0
0,0
0,0
0,0
0,0
0,0
0,0
0,0
0,0
0,0
0,0
0,4
0,0
0,2
0,0
0,5
0,0
0,0
0,0
0,0
0,2
0,0
0,0
0,0
0,0
0,5
0,7
0,5
0,5
0,0
0,4
0,0
0,0
0,0
0,0
0,8
0,5
0,0
0,0
0.002266667,0
0.007,0
0.007,0
0.007,0
0.007,0
0.0068,0
0.004466667,2
0.0026,7
0,4
0,0
0,0
0,0
0,0.056603774
0,0.094339623
0.003066667,0.094339623
0.007,0.094339623
0.007,0.094339623
0.006666667,0.094339623
0.003666667,0.094339623
0.0044,0.094339623
0,0.094339623
0,0.094339623
0,0.094339623
0,0.094339623
0,0.094339623
0,0.094339623
0,0.094339623
0,0.094339623
0,0.094339623
0,0.094339623
0,0.094339623
0,0.094339623
0,0.094339623
0,0.056603774
0,0
0,0
0,0
0,0
0,0
0,0
0,0
0,1
0,0
0,0
0,1
0,3
0,2
0,7
0,3
0,3
0,7
0,3
0,0
0,2
0,0
0,0
0,0
0,0
0,0
0,0
0,0
0,0
0,0
0,0
0,0
0,0
0,0
0,0
0,1
0,0
0,0
0,0
0,1
0,0
0,0
0,0
0,0
0,1
0,0
0,0
0,1
0,3
0,0
0,1
0,1
0,2
0,0
0,0
0,0
0,0
0,0
0,0
0,0
0,7
0,0
0,5
0,3
0,0
0,0
0,0
0,1
0,2
0,0
0,0
0,0
0,1
0,0
0,0
0,0
0.006533333,1
0.007,1
0.006666667,0
0.0036,0
0.0042,0
0,0
0,0
0,0
0,0
0,0
0,0
0,0
0,0
0,0
0,0
0,0
0,0
0,0
0,0
0,0
0,0
0,0
0,0
0,0
0,0
0,0
0,0
0,0
0,0
0,0
0,0
0,1
0,12
0,2
0.000533333,6
0.0004,8
0,4
0,8
0,1
0,0
0,0
0,0
0,0
0,0
0,0
0,0
0,0
0,0
0,3
0,0
0,0
0,2
0,3
0,6
0,1
0,1
0,0
0,0
0,0
0,0
0,0
0,0
0,0
0,3
0,0
0,0
0,0
0,0
0,0
0,3
0,2
0,2
0,3
0,0
0,0
0,0
0,0
0,0
0,0
0,0
0,0
0,0
0,0
0,0
0,0
0,0
0,0
0,0
0,0
0,2
0,3
0,0
0,0
0,0
0,0
0,0
0,0
0,0
0,0
0,0
0,0
0,0
0,0
0,0
0.001866667,0
0.007,0
0.003266667,0
0,0
0.000266667,0
0.007,0
0.0068,1
0.0034,0
0,0
0.0028,0
0.0002,0
0,0
0,0
0,0
0,0
0,0
0,0
0,0
0,0
0,0
0,0
0,0
0,0
0,0
0,0
0,5
0,1
0,0
0,5
0,6
0,0
0,0
0,0
0,0
0,0
0,0
0,0
0,0
0,0
0,0
0,0
0,3
0,0
0,8
0,1
0,9
0,3
0,3
0,3
0,3
0,3
0,3
0,0
0,1
0,3
0,0
0,0
0,0
0,0
0,0
0,0
0,0
0,0
0,0
0,5
0,0
0,0
0,0
0,0
0,1
0,0
0,0
0,0
0,0
0,0
0,0
0,0
0,0
0,0
0,2
0,0
0,2
0,0
0,0
0,1
0.0042,0
0.007,1
0.006866667,0
0.004066667,0
0,0
0,0
0,0
0,0
0,0
0.001866667,0
0,0
0,0
0,0
0,0
0,0
0,0
0,0
0,0
0,0
0,0
0,0
0,0
0,0
0,0
0,0
0,0
0,0
0,0
0,0
0,0
0,0
0,0
0,0
0,0
0,0
0,0
0,0
0,1
0,4
0,0
0,0
0,1
0,1
0.000466667,1
0,3
0,0
0,0
0,0
0,1
0,0
0.0002,10
0,0
0,2
0,0
0,1
0,0
0,0
0,0
0,0
0,0
0,0
0,0
0,0
0,0
0,0
0,0
0,0
0,0
0,0
0,0
0,0
0,1
0,0
0,0
0,0
0,0
0,0
0,0
0,0
0,0
0,0
0,0
0,1
0,0
0,0
0,0
0,2.203389831
0,2.542372881
0,2.542372881
0,2.542372881
0,4.169491525
0,4
0,5
0,0
0,0
0,0
0,0
0,0
0,0
0,0
0,0
0,0
0,0
0,0
0,1
0,0
0,0
0.0046,0
0.008,0
0.008,0
0.008,0
0.0076,0
0.007066667,0
0.003866667,0
0.0024,0
0,0
0,0
0,0
0,0
0,0
0,0
0,0
0,0
0,0
0,0
0,0
0,0
0,0
0,0
0,0
0,0
0,0
0,0
0.0002,0
0,1
0.0002,0
0,0
0,0
0,0
0,5
0,2
0,2
0,2
0,2
0,6
0,1
0,0
0,0
0,0
0,0
0,0
0,0
0,0
0,1
0,0
0,0
0,0
0,0
0,0
0,0
0,0
0,0
0,0
0,0
0,0
0,2.75
0,3.75
0,3.75
0,3.75
0,3.75
0,3.75
0,1.574074074
0,0.158730159
0,0.158730159
0,0.158730159
0,0.158730159
0,0.158730159
0,0.158730159
0,0.158730159
0,0.158730159
0,0.158730159
0,0.158730159
0,0.158730159
0,0.158730159
0,0.021164021
0,0
0,0
0,0
0,2
0,2
0,0
0,0
0,0
0,0
0,0
0,0
0,0
0,0
0,0
0.0068,0
0.007,2
0.007,0
0.006866667,0
0.005066667,0
0.0032,0
0,0
0,0
0,0
0,0
0,0
0,0
0,0
0,0
0,0
0,0
0,0
0,0
0,0
0,0
0,0
0,0
0,0
0,0
0,0
0,0
0,0
0,1
0,3
0,1
0,10
0,1
0,0
0.004333333,1
0.007,0.109375
0.007,0.546875
0.007,0.546875
0.007,0.546875
0.007,0.546875
0.007,0.546875
0.007,0.546875
0.007,0.546875
0.007,0.546875
0.007,0.546875
0.006066667,0.546875
0.004266667,0.546875
0.001866667,0.546875
0,0.328125
0,3
0,2
0,3
0,2
0,5
0,4
0,3
0,0
0,0
0,0
0,0
0,1
0,0
0,0
0,0
0,0
0,2
0,3
0,2
0,0
0,2
0,0
0,0
0,0
0,0
0,0
0,0
0,0
0,0
0,0
0,0
0,0
0,0
0,0
0,0
0,5
0,0
0,0
0,0
0,2
0,0
0,0
0,0
0.003666667,0
0.007,2
0.007,1
0.006133333,0
0.003466667,0
0.003933333,0
0,0
0,0
0,0
0,0
0,0
0,0
0.000333333,0
0,0
0,0
0,0
0,0
0,0
0,0
0,0
0,0
0,0
0,0
0,0
0.0002,0
0,0
0,0
0,0
0,0
0,0
0,0
0,0
0.0002,0
0,5
0,4
0,9
0,5
0,5
0,8
0,0
0,0
0,0
0,0
0,0.487376509
0,0.609220637
0,0.609220637
0,0.609220637
0,0.609220637
0,0.609220637
0,0.609220637
0,0.609220637
0,0.609220637
0,0.609220637
0,0.609220637
0,0.609220637
0,0.609220637
0,0.609220637
0,0.609220637
0,0.609220637
0,0.609220637
0,0.609220637
0,0.609220637
0,0.609220637
0,0.609220637
0,0.609220637
0,0.609220637
0,0.609220637
0,0.609220637
0,0.609220637
0,0.609220637
0,0.609220637
0,0.609220637
0,0.609220637
0,0.609220637
0,0.609220637
0,0.609220637
0,0.609220637
0,0.609220637
0,0.609220637
0,0.609220637
0,0.609220637
0,0.609220637
0,0.609220637
0,0.609220637
0,0.609220637
0,0.609220637
0,0.609220637
0,0.609220637
0,0.609220637
0,0.609220637
0,0.609220637
0,0.609220637
0,0.609220637
0,0.609220637
0,0.609220637
0,0.609220637
0.003733333,0.609220637
0.007,0.609220637
0.007,0.609220637
0.007,0.609220637
0.0064,0.609220637
0.005866667,0.609220637
0.0006,0.609220637
0,0.568605928
0,0
0,0
0,0
0,0
0,0
0,0
0,0
0,0
0,0
0,0
0,0
0,0
0,0
0,0
0,0
0,0
0,0
0,0
0,0
0,0.141176471
0,0.352941176
0,0.352941176
0,0.352941176
0,0.352941176
0,0.352941176
0,2.094117647
0,0
0,0.72
0,1.08
0,1.08
0,1.08
0,1.08
0,1.08
0,1.08
0,1.08
0,0.72
0,0
0,0
0,0
0,0
0,0
0,0
0,0
0,0.440944882
0,0.826771654
0,0.826771654
0,0.826771654
0,0.826771654
0,0.826771654
0,0.826771654
0,0.826771654
0,0.826771654
0,0.826771654
0,0.826771654
0,0.826771654
0,0.826771654
0,0.826771654
0,0.826771654
0,0.826771654
0,0.826771654
0,0.570064243
0,0.448791715
0,0.448791715
0,0.448791715
0,0.448791715
0,0.448791715
0,0.448791715
0,0.448791715
0,0.448791715
0,0.448791715
0,0.448791715
0,0.448791715
0,0.448791715
0,0.448791715
0,0.448791715
0,0.448791715
0,0.448791715
0,0.448791715
0,0.448791715
0,0.448791715
0,0.448791715
0,0.448791715
0,0.448791715
0,0.448791715
0,0.448791715
0,0.448791715
0,0.448791715
0,0.448791715
0,0.448791715
0,0.448791715
0,0.448791715
0.006066667,0.448791715
0.007,0.448791715
0.007,0.448791715
0.007,0.448791715
0.007,0.448791715
0.005266667,0.448791715
0.001066667,0.448791715
0,0.448791715
0,0.448791715
0,0.448791715
0,0.448791715
0,0.448791715
0,0.448791715
0,0.448791715
0,0.448791715
0,0.448791715
0,0.448791715
0,0.448791715
0,0.448791715
0,0.448791715
0,0.448791715
0,0.448791715
0,0.448791715
0,0.448791715
0,0.448791715
0,0.448791715
0,0.448791715
0,0.179516686
0,0
0,2
0,0
0,1.885714286
0,2.571428571
0,2.571428571
0,2.571428571
0,2.4
0,0
0,0
0,0.324894515
0,0.443037975
0,0.443037975
0,0.443037975
0,0.443037975
0,0.443037975
0,0.443037975
0,0.443037975
0,0.443037975
0,0.443037975
0,0.443037975
0,0.443037975
0,0.443037975
0,0.443037975
0,0.443037975
0,0.443037975
0,3.815250151
0,4.214285714
0,5
0,1.416666667
0,0.583333333
0,0
0,2
0,0
0,0
0,0
0,0.111111111
0,0.833333333
0,0.833333333
0,0.222222222
0,1.071428571
0,2.728571429
0,1.2
0,0
0,0
0,0
0,0
0,0
0,0.892857143
0,2.678571429
0,1.428571429
0,0
0,0
0,0
0,0
0,0
0,0
0,0
0,0
0,0.6
0,2.784615385
0,5.615384615
0,2
0,6.285714286
0,5.714285714
0,6
0,0
0.000933333,0
0.007,2.153846154
0.007,4.615384615
0.005,4.615384615
0.0012,4.615384615
0.002666667,5.333333333
0,3.666666667
0,0.00973236
0,0.072992701
0,0.072992701
0,0.072992701
0,0.072992701
0,0.072992701
0,0.072992701
0,0.072992701
0,0.072992701
0,0.072992701
0,0.072992701
0,0.072992701
0,0.072992701
0,0.072992701
0,0.072992701
0,0.072992701
0,0.072992701
0,0.072992701
0,0.072992701
0,0.072992701
0,0.072992701
0,0.072992701
0,0.072992701
0,0.072992701
0,0.072992701
0,0.072992701
0,0.072992701
0,0.072992701
0,1.897513501
0,2.56097561
0,2.56097561
0,2.56097561
0,2.56097561
0,1.87804878
0,0
0,0
0,0
0,0
0,0
0,0
0,0
0,0
0,0
0,0
0,0
0,0
0,1
0,4
0,4
0,3.75
0,3.424358974
0,1.307692308
0,1.307692308
0,1.307692308
0,1.307692308
0,1.307692308
0,1.307692308
0,1.307692308
0,1.307692308
0,1.307692308
0,1.307692308
0,1.307692308
0,1.307692308
0,1.191978429
0,0.43983822
0,0.43983822
0,0.43983822
0,0.43983822
0,0.43983822
0,0.43983822
0,0.43983822
0,0.43983822
0,0.43983822
0,0.43983822
0,0.43983822
0,0.43983822
0,0.43983822
0,0.43983822
0,0.43983822
0,0.43983822
0,0.43983822
0,0.43983822
0,0.43983822
0,0.43983822
0,0.43983822
0,0.43983822
0,0.43983822
0.005933333,0.43983822
0.007,0.43983822
0.006866667,0.43983822
0.0042,0.43983822
0.0048,0.43983822
0,0.43983822
0,0.43983822
0,0.43983822
0,0.43983822
0,0.43983822
0,0.43983822
0,0.43983822
0,0.43983822
0,0.43983822
0,0.43983822
0,0.43983822
0,0.43983822
0,0.43983822
0,0.43983822
0,0.43983822
0,0.43983822
0,0.43983822
0,0.43983822
0,0.43983822
0,0.43983822
0,0.43983822
0,0.43983822
0,0.43983822
0,0.43983822
0,0.43983822
0,0.43983822
0,0.43983822
0.000666667,0.43983822
0,0.43983822
0,0.43983822
0,0.43983822
0,0.43983822
0,0.43983822
0,0.43983822
0,0.43983822
0,0.43983822
0,0.43983822
0,0.437584862
0,0.428571429
0,0.428571429
0,0.057142857
0,0
0,0
0,0
0,0
0,0
0,0
0,0
0,0.882352941
0.0036,2.205882353
0.007,3.189542484
0.007,4.166666667
0.007,7.555555556
0.007066667,6
0.000933333,0.694444444
0,1.041666667
0,1.041666667
0.002333333,1.041666667
0.007,1.041666667
0.007,0.52124183
0.007,0.441176471
0.007,0.176470588
0.007,0.244897959
0.005933333,0.408163265
0.0042,0.408163265
0.001866667,0.408163265
0,0.408163265
0,0.408163265
0,0.408163265
0,0.408163265
0,0.408163265
0,0.408163265
0,0.081632653
0,0
0,0
0,0
0,0
0,0
0,0
0,0
0,0.427947598
0,0.458515284
0,0.458515284
0,0.458515284
0,0.458515284
0,0.458515284
0,0.458515284
0,0.458515284
0,0.458515284
0,0.458515284
0,0.458515284
0,0.458515284
0,0.458515284
0,0.458515284
0,0.458515284
0,0.152838428
0,0
0,0
0,0
0.003266667,0
0.007,1
0.005466667,0
0.001333333,0
0.002533333,0
0.000733333,0
0,0
0,0
0,0
0,0
0,0
0,0
0,0
0,0
0,0
0,0
0,0
0,0
0,0
0,0
0,0
0,0
0,0
0,0
0,0
0,1.805555556
0,1.805555556
0,1.805555556
0,1.805555556
0,1.805555556
0,1.805555556
0,1.805555556
0,0.361111111
0,0
0,0
0,0
0,0
0,0
0,0
0,0
0,0
0,0
0,0
0,0
0,0
0,0
0,0
0,0
0,0.32
0,0.6
0,0.08
0,0
0,3
0,0
0,0
0,0
0,1
0,0
0,0
0,0
0,0
0,0
0,0
0,0
0,0
0,0
0,0
0,0
0,0
0,0
0,0
0,0
0,0
0,0
0,0
0,0
0,0
0,0
0,4
0,2
0,5
0,6
0,2.774193548
0,1.451612903
0,1.068311195
0,0.705882353
0,0
0,0
0,0
0,0
0,0
0,0
0.0042,0
0.0072,1
0.008,0
0.007266667,0
0.0046,0
0.005733333,0
0.003266667,0
0,0
0,0
0,0
0,0
0,0
0,0
0,0
0,0
0,0
0,0
0,0
0,0
0,0
0,0
0,0
0,0
0,0
0,0
0,0
0,0
0,0
0,1
0.0002,0.4
0,0.6
0,3
0,2
0,11.2
0.005733333,1.8
0.008533333,1.916666667
0.008533333,6.083333333
0.008,1.36
0.008,0.6
0.007933333,0.6
0.008266667,2.04
0.005733333,5.4
0.003333333,0.3
0,0.7
0,0
0,0
0,3
0,6.307692308
0,3.461538462
0,1.397435897
0,1.25
0,1.472222222
0,0.482792527
0,0.398230088
0,0.398230088
0,0.398230088
0,0.398230088
0,0.398230088
0,0.398230088
0,0.238938053
0,0.518518519
0,0.596866097
0,0.865384615
0,0.865384615
0,0.865384615
0,3.057692308
0,4.230769231
0,3
0,2
0,1.076923077
0,2.478632479
0,3.888888889
0,2.373737374
0,1.363636364
0,0.818181818
0,0
0,0
0,0
0,0
0,0
0,0
0,0.086614173
0,0.118110236
0,0.118110236
0,0.118110236
0,0.118110236
0,0.118110236
0,0.118110236
0,0.118110236
0,0.086614173
0,0
0,0
0,0
0,0
0,0
0,0
0.004866667,0.228571429
0.007,0.428571429
0.007,0.342857143
0.007,0
0.005466667,0
0.0052,0
0.0002,0
0,0
0,0
0,0
0,0
0,0
0,0
0,0
0,0
0,0
0,0
0,0
0,0
0,0
0,0
0,0
0,0
0,0
0,0
0,0
0,0
0,0
0,0.777777778
0,2.486928105
0,3.088235294
0,1.647058824
0,8
0,5.25
0,7.55
0,2.6
0,5.6
0,1
0,0
0,0
0,0
0,1.142857143
0,0.714285714
0,0.142857143
0,0
0,0
0,0
0,0
0,0
0,0
0,0.846153846
0,1.153846154
0,0.75
0,0.75
0,1.125
0,1.375
0,0
0,0
0,0
0,0
0,0.576923077
0,0.423076923
0,0
0,0
0,0
0,0.076923077
0,0.384615385
0,0.384615385
0,0.153846154
0,1.764705882
0,0.882352941
0,0.882352941
0,0.882352941
0,0.882352941
0,0.882352941
0,0.834640523
0,0.166666667
0,0.166666667
0,0.166666667
0,0.166666667
0,0.166666667
0,0.155555556
0,0.12244898
0,0.306122449
0,0.306122449
0,0.598639456
0,2.5
0,0.166666667
0,0
0,0
0,0
0.006,0.5
0.007,0.5
0.006933333,0
0.0044,0
0.005066667,0
0,0
0,0
0,0
0,0
0,0
0,0
0,0
0,0
0,0
0,0
0,0
0,0
0,0.460431655
0,0.863309353
0,0.863309353
0,0.863309353
0.0002,0.863309353
0,0.863309353
0,0.863309353
0,0.863309353
0,0.863309353
0,0.863309353
0,0.863309353
0,0.863309353
0,0.863309353
0,0.863309353
0,0.863309353
0,0.863309353
0,0.863309353
0,0.863309353
0,0.863309353
0,0.362903226
0,0.362903226
0,0.362903226
0,0.362903226
0,0.362903226
0,0.362903226
0,0.362903226
0,0.362903226
0,0.773099282
0,0.922261484
0,0.922261484
0,0.922261484
0,0.922261484
0,0.922261484
0,0.922261484
0,0.922261484
0,0.922261484
0,0.922261484
0,0.922261484
0,0.922261484
0,0.922261484
0,0.922261484
0,0.922261484
0,0.922261484
0,0.922261484
0,0.922261484
0,0.922261484
0,0.922261484
0,0.922261484
0,0.922261484
0,0.922261484
0,0.922261484
0,0.922261484
0,0.922261484
0,0.922261484
0,0.922261484
0,0.922261484
0,0.922261484
0,0.922261484
0,0.922261484
0,0.922261484
0,0.922261484
0,0.922261484
0,0.922261484
0,0.922261484
0,0.922261484
0,0.922261484
0,0.922261484
0,0.922261484
0,0.922261484
0,0.922261484
0,0.922261484
0,0.922261484
0,0.922261484
0,0.922261484
0,0.922261484
0,0.922261484
0,0.922261484
0,0.922261484
0,0.922261484
0,0.922261484
0,0.922261484
0,0.922261484
0,0.922261484
0.001666667,0.922261484
0.007,0.922261484
0.007,0.922261484
0.007,0.922261484
0.007,0.922261484
0.006733333,0.922261484
0.003,0.922261484
0,0.922261484
0,0.922261484
0.000333333,0.922261484
0,0.922261484
0,0.922261484
0,0.922261484
0,0.922261484
0,0.922261484
0,0.922261484
0,0.922261484
0,0.922261484
0,0.922261484
0,0.922261484
0,0.922261484
0,0.922261484
0,0.922261484
0,0.922261484
0,0.922261484
0,0.922261484
0,0.922261484
0,0.922261484
0,0.922261484
0,0.922261484
0,0.922261484
0,0.922261484
0,0.922261484
0,0.922261484
0,0.922261484
0,0.922261484
0,0.922261484
0,0.922261484
0,0.687061626
0,0.334261838
0,0.334261838
0,0.334261838
0,0.334261838
0,0.334261838
0,0.334261838
0,0.334261838
0,0.334261838
0,0.334261838
0,0.334261838
0,0.334261838
0,0.334261838
0,0.334261838
0,0.334261838
0,0.334261838
0,0.334261838
0,0.334261838
0,0.334261838
0,0.334261838
0,0.334261838
0,0.334261838
0,0.334261838
0,0.334261838
0,0.334261838
0,0.334261838
0,0.334261838
0,0.334261838
0,0.334261838
0,0.334261838
0,0.334261838
0,0.334261838
0,0.334261838
0,0.334261838
0,0.334261838
0,0.334261838
0,0.334261838
0,0.334261838
0,0.334261838
0,0.334261838
0,0.334261838
0,0.334261838
0,0.334261838
0,0.334261838
0,0.334261838
0,0.334261838
0,0.334261838
0,0.334261838
0,0.46883802
0,0.586592179
0,0.586592179
0,0.586592179
0,0.586592179
0,0.586592179
0,0.586592179
0,0.586592179
0,0.586592179
0,0.586592179
0.007,0.586592179
0.007,0.586592179
0.007,0.586592179
0.0064,0.586592179
0.0058,0.586592179
0.001266667,0.586592179
0,0.586592179
0,0.586592179
0,0.586592179
0,0.586592179
0,0.586592179
0,0.586592179
0,0.586592179
0,0.586592179
0,0.586592179
0,0.586592179
0,0.586592179
0,0.586592179
0,0.586592179
0,0.586592179
0,0.586592179
0,0.586592179
0,0.586592179
0,0.586592179
0,0.586592179
0,0.586592179
0,0.586592179
0,0.586592179
0,0.586592179
0,0.586592179
0,0.586592179
0,0.586592179
0.002066667,0.586592179
0,0.586592179
0,0.586592179
0,0.586592179
0,0.586592179
0,0.586592179
0,0.586592179
0,0.586592179
0,0.586592179
0,0.586592179
0,0.586592179
0,0.586592179
0,0.586592179
0,0.586592179
0,0.586592179
0,0.586592179
0,0.586592179
0,0.586592179
0,1.209525422
0,2.121212121
0,2.121212121
0,2.121212121
0,2.121212121
0,2.121212121
0,2.121212121
0,0.141414141
0,0.153846154
0,1.153846154
0,0.692307692
0,0
0,0
0,0
0,0
0,0
0,0
0,1.685185185
0,1.944444444
0,1.944444444
0,1.455337691
0,0.110294118
0,0.110294118
0,0.110294118
0,0.110294118
0,0.110294118
0,0.110294118
0,0.110294118
0,0.110294118
0,0.119539642
0,0.156521739
0,0.156521739
0,0.156521739
0,0.156521739
0,0.156521739
0,0.156521739
0,0.156521739
0,0.156521739
0,0.156521739
0,0.156521739
0,0.156521739
0,0.156521739
0.000266667,0.156521739
0.007,0.156521739
0.007,0.156521739
0.007,0.156521739
0.005266667,0.156521739
0.002666667,0.156521739
0,0.156521739
0.003133333,0.156521739
0,0.156521739
0,0.156521739
0,0.156521739
0,0.156521739
0,0.156521739
0,0.156521739
0,0.156521739
0,0.156521739
0,0.156521739
0,0.156521739
0,0.156521739
0,0.156521739
0,0.156521739
0,0.156521739
0,0.156521739
0,0.156521739
0,0.156521739
0,0.156521739
0,1.986918948
0,2.268518519
0,2.268518519
0,2.268518519
0,2.268518519
0,2.268518519
0,2.268518519
0,2.268518519
0,2.268518519
0,2.268518519
0,2.268518519
0,2.268518519
0,2.268518519
0,2.268518519
0,2.268518519
0,2.268518519
0,2.268518519
0,2.268518519
0,2.268518519
0,2.268518519
0,2.268518519
0,1.707536291
0,0.164835165
0,0.164835165
0,0.164835165
0,0.164835165
0,0.164835165
0,0.175518926
0,0.218253968
0,0.218253968
0,0.218253968
0,0.218253968
0,0.218253968
0,0.218253968
0,0.218253968
0,0.218253968
0,0.218253968
0,0.218253968
0,0.218253968
0,0.218253968
0,0.218253968
0,0.218253968
0,0.218253968
0,0.218253968
0,0.218253968
0,0.218253968
0,0.218253968
0,0.218253968
0,0.218253968
0,0.218253968
0,0.218253968
0,0.218253968
0,0.218253968
0,0.218253968
0,0.218253968
0,0.218253968
0,0.218253968
0,0.218253968
0,0.218253968
0,0.218253968
0,0.218253968
0,0.218253968
0,0.218253968
0,0.218253968
0,0.218253968
0,0.218253968
0,0.218253968
0,0.218253968
0,0.218253968
0,0.218253968
0,0.218253968
0,0.218253968
0,0.218253968
0,0.218253968
0,0.218253968
0,0.218253968
0,0.218253968
0,0.218253968
0,0.043650794
0,0
0,0
0,0
0,0
0,0
0,0
0,0
0,0
0,0
0,0
0,0
0,0
0,0
0,0
0,0
0,0
0,0
0,0
0,0
0,0
0,0
0,0
0,0
0,1
0,6
0,6
0,8
0,6
0,7
0,1
0,4
0,8
0.000266667,1
0.006466667,6
0.007,2
0.007,6
0.007,10
0.007,5
0.007,0
0.007,0
0.007,0
0.007,0
0.007,0
0.007,0
0.007,0
0.007,0
0.007,0
0.007,0
0.007,0
0.007,0
0.005333333,0
0.005,0
0.005,0
0.004933333,0.75
0.000733333,0.25
0,0
0,0
0,0
0,0
0,0
0,0
0,0
0.0016,0
0.004,0
0.004,0
0.004,0
0.004,2.785714286
0.004,5.347619048
0.004,2.170238095
0.004,4.553571429
0.0032,4.553571429
0,4.553571429
0,3.047762478
0,0.180722892
0,0.180722892
0,0.180722892
0,0.180722892
0,0.180722892
0,0.180722892
0,0.180722892
0,0.180722892
0,0.180722892
0,0.180722892
0,0.180722892
0,0.181818182
0,0.681818182
0,0.681818182
0.004733333,0.454545455
0.007,0
0.007866667,0.384615385
0.008,0.615384615
0.008,0
0.008,0
0.0082,0
0.008666667,0
0.0072,0
0.004,0
0.004,0
0.004,0
0.002866667,0
0,0
0,0
0,0
0,0
0,0
0,0
0,0
0,0
0,0
0,0
0,0
0,0
0,0
0,0
0,0
0,0.692307692
0,0.307692308
0,0
0,0
0,8
0,3
0,0.55
0,0.487267081
0,0.093167702
0,0.093167702
0,0.093167702
0,0.093167702
0,0.093167702
0,0.093167702
0,0.093167702
0,0.093167702
0,0.093167702
0,0.093167702
0,0.093167702
0,0.093167702
0,0.093167702
0,0.093167702
0,0.093167702
0,0.093167702
0,0.093167702
0,0.093167702
0,0.093167702
0,0.093167702
0,0.093167702
0,3.00621118
0,0
0,1
0,0
0,1
0,0
0,0
0,0
0,4
0,0
0,0
0,0
0,0
0,1
0,3
0,4
0,0
0,1
0,0
0,2
0,6
0,2
0,0
0,0
0,0
0,1
0,0
0,0
0,0
0,0
0,7
0,5
0,0
0,0
0,0
0,0
0,0
0,0
0,0
0,0
0,0
0,1
0,0
0,0
0,0
0,1
0,0
0,0
0,0
0,0
0,0
0,0
0,0
0,0
0,0
0,0
0,0
0,0
0,0
0,3
0,1
0,0
0,0
0,0
0,0
0,0
0,0
0,0
0,0
0,0
0,0
0,0
0,1
0,0
0,0
0,3
0,0
0,2
0,7
0,7
0,4
0,6
0,7
0,6
0,0
0,0
0,0
0,0
0,0
0,0
0,0
0,0
0,0
0,0
0,0
0,0
0,0
0,5
0,0
0,1
0,0
0,0
0,0
0,0
0,0
0,0
0,1
0,0
0,1
0,0
0,0
0,0
0,7
0,1
0,0
0,0
0,1
0,0
0,0
0,0
0,0
0,0
0,0
0,0
0,0
0,1
0,0
0,0
0,0
0,0
0,0
0,3
0,0
0,0
0,0
0,0
0,0
0,0
0,1
0,0
0,0
0,0
0,0
0,0
0,0
0,0
0,0
0,0
0,0
0,0
0,0
0,0
0,0
0,0
0,0
0,0
0,0
0,0
0,0
0,0
0,0
0,0
0,0
0,0
0,0
0,0
0,0
0,0
0,1
0,0
0,3
0,6
0,4
0,7
0,8
0,12
0,0
0,0
0,0
0,0
0,0
0,0
0,0
0,0
0,0
0,0
0,0
0,3
0,0
0,1
0,0
0,0
0,0
0,1
0,0
0,0
0,1
0,0
0,0
0,0
0,0
0,0
0,0
0,1
0,1
0,2
0,0
0,1
0,1
0,5
0,0
0,0
0,0
0,0
0,2
0,6
0,3
0,0
0,0
0,0
0,4
0,2
0,5
0,5
0,0
0,0
0,0
0,0
0,0
0,1
0,0
0,0
0,0
0,0
0,0
0.007,0
0.007,1
0.007,0
0.006933333,0
0.0046,0
0.0006,0
0,0
0,0
0,0
0,0
0.000266667,0
0,0
0,0
0,0
0,0
0,0
0,0
0,0
0,0
0,0
0,0
0,0
0,0
0,0
0,0
0,0
0,0
0,0
0,0
0,0
0,0
0,0
0,5
0,4
0.0022,7
0.007,12
0.0068,6
0.004866667,0
0.004466667,0
0.004533333,0
0,7
0,9
0,9
0,5
0,0
0,0
0,0
0,0
0,0
0,0
0,1
0,0.333333333
0,0.666666667
0,2.75
0,1.25
0,3.333333333
0,4.666666667
0,0
0,2
0,0
0,0
0,0
0,0
0,0
0,0
0,0.285714286
0,0.714285714
0,0
0,0
0,5.333333333
0,0.666666667
0,0
0,0
0,0
0,0
0,0
0,0
0,0
0,0
0,1
0,0
0,0
0,0
0,0
0,0
0,0
0,0
0,0
0,3
0,6
0,2
0,7
0.0028,6
0.007,4
0.007533333,0
0.008,0
0.007266667,0
0.004533333,0
0.003666667,0
0.0016,0
0.0006,0
0,0
0.0002,0
0.0002,0
0,0
0,0
0,0
0,0
0,0
0,0
0,0
0,0
0,0
0,0
0,0
0,0
0,0
0,0
0,0
0,0
0,0
0.0004,0
0.0002,1
0.000666667,0
0,5
0,0
0,0
0.000466667,0
0,6
0,5
0,0
0,0
0,0
0,0
0,0
0,0
0,0
0,0
0,0
0,0
0,0
0,0
0,0
0,0
0,0
0,2.25
0,0.75
0,6
0,0
0,0
0,0
0,0
0,0
0,0
0,0.454545455
0,0.545454545
0,0
0,0
0,0
0,1
0,0
0,0
0,0
0,0
0,3
0,4
0,4
0,5
0,4
0,0
0,0
0,0
0,1
0,0
0,0
0,0
0,0
0,0
0,0
0,1
0,0
0,0
0,0
0,0
0,3
0,0
0,0
0,0
0,0
0,0
0,0
0,1
0,0
0,0
0,0
0,0
0.006,0
0.007,1
0.007,0
0.007,0
0.007,2
0.006666667,0
0.0036,0
0,0
0,0
0.002933333,0
0,0
0,0
0,0
0,0
0,0
0,0
0,0
0,0
0,0
0,0
0,0
0,0
0,0
0,0
0,0
0,0
0,1
0,0
0,1
0,0
0,0
0,2
0.000333333,0
0.007,0
0.007066667,0
0.006666667,2
0.0044,1
0.005666667,1
0.0016,0
0,6
0,2
0,0
0,0
0,0
0,0
0,0
0,0
0,0
0,0
0,0
0,0
0,0
0,4
0,0
0,0
0,0
0,0
0,0
0,0
0,1
0,0
0,0
0,0
0,0
0,0
0,0
0,0
0,0
0,0
0,4
0,0
0,0
0,3
0,0
0,0
0,0
0,0
0,0
0,0
0,1
0,0
0,0
0,0
0,2
0,1
0,1
0,0
0,0
0.0014,0
0.007,1
0.0064,0
0.003,0
0,0
0,0
0.003133333,0
0,0
0,0
0,0
0,0
0,0
0,0
0,0
0,0
0,0
0,0
0,0
0,0
0,0
0,0
0,0
0,0
0,0
0,0
0,0
0,0
0,0
0,0
0,0
0,1
0,0
0,0
0,0
0,0
0,0
0,0
0,0
0,2
0,1
0,0
0,2
0,0
0,1
0,0
0,0
0,0
0,8
0,1
0,2
0,0
0,0
0,0
0,0
0,0
0,0
0,0
0,0
0,0
0,0
0,0
0,6
0,3
0,5
0,5
0,7
0,0
0,3
0,0
0,0
0,2
0,0
0,1
0,0
0,0
0,0
0,0
0,0
0,0
0,0
0,0
0,1
0,0
0,0
0,0
0,0
0,0
0,0
0,0
0,0
0,0
0,0
0,4
0,0
0,0
0,0
0,2
0,0
0.005,0
0.007,0
0.006066667,0
0.003066667,0
0.003466667,0
0.0002,0
0,0
0,0
0,0
0.0008,0
0,0
0,0
0,0
0,0
0,0
0,0
0,0
0,0
0,0
0,0
0,0
0,0
0,0
0,0
0,0
0,0
0,0
0,0
0,1
0,0
0,3
0,4
0,3
0,15
0,11
0,2
0,1
0,1
0,1
0,5
0,4
0,4
0,0
0,0
0,0
0,0
0,0
0,0
0,0
0,4
0,9
0,3
0,0
0,0
0,0
0,0
0,3
0,0
0,0
0,0
0,0
0,1
0,0
0,0
0,1
0,0
0,0
0,2
0,2
0,4
0,2
0,0
0,1
0,2
0,5
0,3
0,0
0,0
0,0
0,0
0,0
0,0
0,0
0,0
0,0
0,0
0,2
0,1
0,0
0,0
0,0
0,0
0,0
0,0
0,0
0,0
0.005,0
0.007,2
0.007,0
0.007,0
0.005666667,0
0.005,0
0,0
0,0
0,0
0,0
0,0
0,0
0,0
0,0
0,0
0,0
0,0
0,0
0,0
0,0
0,0
0,0
0,0
0,0
0,0
0,0
0,0
0,0
0,0
0,0
0,7
0,4
0,6
0,4
0,6
0,0
0,10
0,1
0,0
0,0
0,0
0,0
0,0
0,0
0,0
0,0
0,0
0,0
0,0
0,0
0,1
0,0
0,0
0,0
0,0
0,0
0,0
0,0
0,0
0,0
0,0
0,0
0,0
0,0
0,0
0,0
0,0
0,0
0,0
0,0
0,0
0,0
0,1
0,0
0,0
0,0
0,3
0,0
0,0
0,0
0,0
0,0
0,0
0,0
0,0
0,0
0,0
0,0
0,0
0,0
0,3
0,6
0,0
0,0
0,0
0.000866667,0
0.007,0
0.007,1
0.006933333,0
0.0044,0
0.0042,0
0.0004,0
0,0
0,0
0,0
0,0
0,0
0,0
0,0
0,0
0,0
0,0
0,0
0,0
0,0
0,0
0,0
0,0
0,0
0,0
0,0
0,0.153061224
0,0.153061224
0,0.153061224
0,0.153061224
0,0.153061224
0.001666667,0.153061224
0.0004,4.081632653
0,0
0,0
0,5
0,4
0,7
0,0
0,2
0,6
0,1
0,0
0,24
0,0
0,0
0,0
0,0
0,0
0,0
0,0
0,0
0,0
0,0
0,1
0,0
0,0
0,1
0,0
0,0
0,0
0,0
0,0
0,2
0,0
0,1
0,0
0,0
0,2
0,0
0,1
0,0
0,1
0,1
0,0
0,0
0,0
0,0
0,0
0,0
0,0
0,0
0,0
0,2
0,6
0,7
0,5
0,1
0,0
0,0
0,0
0,0
0,3
0.006,1
0.007,0
0.005066667,0
0.0008,0
0.001666667,0
0.001333333,0
0,0
0,0
0,0
0,0
0,0
0,0
0,0
0,0
0,0
0,0
0,0
0,0
0,0
0,0
0,0
0,0
0,0
0,0
0,0
0,0
0,0
0,0
0,0
0,0
0.0002,0
0,0
0,1
0,4
0,1
0,7
0,2
0,0
0,1
0,0
0,0
0,0
0,0
0,0
0,0
0,0
0,0
0,0
0,0
0,0
0,0
0,1
0,0
0,0
0,0
0,1
0,0
0,1
0,1
0,0
0,5
0,2
0,6
0,5
0,0
0,0
0,0
0,0
0,0
0,0
0,0
0,0
0,0
0,0
0,0
0,2
0,1
0,2
0,0
0,0
0,0
0,0
0,0
0,0
0,0
0,0
0,0
0,0
0,1
0,0
0,0
0,0
0,0
0,0
0,2
0,0
0,0
0,0
0,0
0,0
0.005,0
0.008,1
0.008,0
0.008,0
0.008,0
0.005533333,0
0.003866667,0
0.0014,0
0.0002,0
0,0
0,0
0.000666667,0
0,0
0,0
0,0
0,0
0,0
0,0
0,0
0,0
0,0
0,0
0,0
0,0
0,0
0,0
0,0
0.000533333,0
0,1
0,0
0.0002,0
0,5
0,0
0,2
0,6
0,0
0,1
0,0
0,0
0,0
0,0
0,0
0,0
0,0
0,0
0,0
0,0
0,0
0,0
0,0
0,0
0,2
0,0
0,0
0,0
0,4
0,7
0,2
0,6
0,4
0,0
0,0
0,2
0,0
0,1
0,0
0,0
0,0
0,0
0,2
0,7
0,3
0,1
0,0
0,0
0,0
0,0
0,0
0,0
0,0
0,0
0,1
0,0
0,0
0,0
0,0
0,0
0,0
0,0
0,0
0,3
0,0
0,0
0,0
0,0
0,0
0.0016,0
0.007266667,1
0.007,0
0.007,0
0.0068,0
